<?xml version="1.0" encoding="utf-8" ?> 
<!--********** Copyright 2016 Roku Corp.  All Rights Reserved. **********--> 

<!-- main node which handles welcome screen -->

<component name="WelcomeScene" extends="BaseSceneFull">

   <interface>
    <field id="content" type="node" alias="menu.content" onChange="onContentChange" alwaysnotify="true"/>
    <field id="loadFromServer" type="boolean" alwaysnotify="true" value="false"/>
    <field id="initWelcomeScreen" type="boolean" onChange="onInitWelcomeScene" alwaysnotify="true"/>
    <field id="authSuccess" type="boolean" alwaysnotify="true" />

    <field id="backgroundRectColor" type="string" value="#0c0c0c" alwaysNotify="true" alias="backgroundRect.color"/>
    <field id="backgroundImage" type="string" value="" alwaysNotify="true" alias="backgroundPoster.uri"/>
    <!--********************************* Menu Logo *********************************-->

    <field id="logoImage" type="string" value="" alwaysNotify="true" alias="logo.uri"/>
    <field id="logoHeight" type="float" alwaysNotify="true" alias="logo.height"/>
    <field id="logoWidth" type="float" alwaysNotify="true" alias="logo.width"/>
    <field id="logoTranslation" type="vector2d" alwaysNotify="true" alias="logo.translation" value="[100,150]"/>

    <!--********************************* Welcome Text Gr *********************************-->    
    <field id="screenTextTranslation" type="vector2D" alias="screenText.translation" value="[100,280]" />
    <field id="screenTextItemSpacings" type="vector2D" alias="screenText.itemSpacings" value="[15]" />
    <field id="screenTextLayoutDirection" type="string" alias="screenText.layoutDirection" value="vert" />

    <field id="text1Color" type="color"  alias="welcomeScreenText1.color" value="#FFFFFF" />
    <field id="text1Height" type="float"  alias="welcomeScreenText1.height" value="160" />
    <field id="text1Width" type="float"  alias="welcomeScreenText1.width" value="1800" />
    <field id="text1LineSpacing" type="float"  alias="welcomeScreenText1.lineSpacing" value="0.1" />
    <field id="text1Wrap" type="boolean" alias="welcomeScreenText1.wrap" value="true" />
    <field id="text1Visible" type="boolean" alias="welcomeScreenText1.visible" value="false" />
    <field id="text1VertAlign" type="boolean" alias="welcomeScreenText1.vertAlign" value="center" />
    <field id="text1HorizAlign" type="boolean" alias="welcomeScreenText1.horizAlign" value="left" />
    <field id="text1" type="string" alias="welcomeScreenText1.text" value="" />
    <field id="welcomeScreenText1" type="assocarray" onChange="changeFontBase"/>

    <field id="text2Color" type="color" alias="welcomeScreenText2.color" value="#FFFFFF" />
    <field id="text2Height" type="float" alias="welcomeScreenText2.height" value="140" />
    <field id="text2Width" type="float" alias="welcomeScreenText2.width" value="800" />
    <field id="text2LineSpacing" type="float" alias="welcomeScreenText2.lineSpacing" value="0.1" />
    <field id="text2Wrap" type="boolean" alias="welcomeScreenText2.wrap" value="true" />
    <field id="text2Visible" type="boolean" alias="welcomeScreenText2.visible" value="false" />
    <field id="text2VertAlign" type="boolean" alias="welcomeScreenText2.vertAlign" value="top" />
    <field id="text2HorizAlign" type="boolean" alias="welcomeScreenText2.horizAlign" value="left" />
    <field id="text2" type="string" alias="welcomeScreenText2.text" value="" />
    <field id="welcomeScreenText2" type="assocarray" onChange="changeFontBase"/>

    <!--********************************* Menu Markup List *********************************-->

    <field id="menuTranslation" type="vector2d" alias="menu.translation" value="[80,700]"/>
    <field id="menuItemSpacing" type="vector2d" alias="menu.itemSpacing" value="[10,0]"/>
    <field id="menuItemSize" type="vector2d" alias="menu.itemSize" value="[276,66]"/>
    <field id="menuItemComponentName" type="string" alias="menu.itemComponentName" value="welcomeMenuItem"/>
    <field id="menuFocusBitmapBlendColor" type="color" alias="menu.focusBitmapBlendColor" value=""/>
    <field id="menuVertFocus" type="string" alias="menu.vertFocusAnimationStyle" value="floatingFocus"/>
    <field id="menuDrawFocus" type="boolean" alias="menu.drawFocusFeedback" value="false"/>
    <field id="menuNumColumns" type="integer" alias="menu.numColumns" value="3"/>
    <field id="menuNumRows" type="integer" alias="menu.numRows" value="1"/>

   </interface>

  <script type="text/brightscript" uri="pkg:/components/CED-Roku-Components/welcomeScene/welcomeScene.brs"/>
  <script type="text/brightscript" uri="pkg:/source/registryHelper.brs"/>
  <script type="text/brightscript" uri="pkg:/source/generalUtils.brs"/>
  
  <children>

    <Rectangle
      id="backgroundRect"
      width="1920"
      height="1080"
      translation="[0, 0]"
      visible= "true"
      color="#0c0c0c">
    </Rectangle>

    <Group id="welcomeGr" visible="true"> 
      <Poster
        id="backgroundPoster"
        translation="[0, 0]"
        width="1920"
        height="1080">

        <Poster id="logo"/>
      </Poster>

      <LayoutGroup id="screenText" >
        <Label id="welcomeScreenText1" font="dictionary:SemiBold"/>
        <Label id="welcomeScreenText2" font="dictionary:SemiBold"/>
      </LayoutGroup>

      <MarkupGrid id="menu" />
    </Group>

  </children>

</component>
