<?rokuml version="1.0" encoding="utf-8" ?> 

<!-- a Task handling the playback loop of both content abd ad -->
<component name="PlayerTask" extends="Task">

<script type="text/brightscript" uri="pkg:/components/CED-Roku-Components/videoScene/convertCompanionToRAF.brs" />
<script type="text/brightscript" uri="pkg:/components/CED-Roku-Components/videoScene/PlayerTask.brs" />
<script type="text/brightscript" uri="pkg:/source/serviceUtils.brs" />
<script type="text/brightscript" uri="pkg:/source/generalUtils.brs" />
<script type="text/brightscript" uri="pkg:/source/nodeHelper.brs" />

<script type="text/brightscript" uri="pkg:/source/itemParser.brs" />
<script type="text/brightscript" uri="pkg:/source/dateParser.brs" />
<script type="text/brightscript" uri="pkg:/source/deeplink.brs" />

<script type="text/brightscript" uri="pkg:/source/registryHelper.brs" />
<script type="text/brightscript" uri="pkg:/source/neulionDataSource.brs" />
<script type="text/brightscript" uri="pkg:/source/neulionAuthManager.brs" />
<script type="text/brightscript" uri="pkg:/source/adobeAuthManager.brs"/>
<script type="text/brightscript" uri="pkg:/source/personalizationDataSource.brs" />
<script type="text/brightscript" uri="pkg:/source/appDataSource.brs" />
<script type="text/brightscript" uri="pkg:/source/solrDataSource.brs"/>

<script type="text/brightscript" uri="pkg:/source/adobe_analytics.brs" />
<script type="text/brightscript" uri="pkg:/source/adbmobile.brs" />
<script type="text/brightscript" uri="pkg:/source/advertising.brs" />
<script type="text/brightscript" uri="pkg:/source/pcmTask.brs"/>
<script type="text/brightscript" uri="pkg:/components/CED-Roku-Components/videoScene/googleDfp.brs" />

<interface>
    <field id="video" type="node" />
    <field id="videoSeek" type="Integer" alwaysNotify="true"/>
    <field id="publishPointError" type="boolean" alwaysNotify="true" />
    <field id="startPCMTimer" type="boolean" alwaysNotify="true" />
    <field id="concurrencyError" type="boolean" alwaysNotify="true" />
    <field id="navBackFromRAF" type="boolean" alwaysNotify="true" />
    <field id="exitDFPLoop" type="boolean" alwaysNotify="true"/>


    <field id="sdkLoaded" type="Boolean" />
	<field id="streamManagerReady" type="Boolean" />
	<field id="errors" type="stringarray" />
	<field id="streamData" type="assocarray" />
	<field id="urlData" type="assocarray" />
	<field id="adPlaying" type="Boolean" />
	<field id="contentTime" type="Integer" />
	<field id="snapbackTime" type="Integer" />
	<field id="bookmarkStreamTime" type="Integer" />
	<field id="inSnapback" type="Boolean" />

	<function name="getPreviousCuePoint" />
</interface>

</component>
