<?xml version="1.0" encoding="utf-8" ?> 
<!--********** Copyright 2016 Roku Corp.  All Rights Reserved. **********--> 

<!-- main node which handles welcome screen -->

<component name="contentScene" extends="BaseSceneFull" >
  <interface>

    <field id="refreshNode" type="node"/>
    <field id="refreshFunctionNameCall" type="string"/>
    <field id="refreshList" type="roArray" value="[]"/>
    <field id="perzRefreshList" type="roArray" value="[]"/>
    <field id="refreshTask" type="node"/>
    <!--************************************** OBSERVED VARIABLES **************************************-->

    <field id="content" type="node" onChange="onCategoryChange" alwaysnotify="true" />
    <field id="display" type="string" alwaysnotify="true"/>
    <field id="nodeToLoad" type="node" onChange="getContentForSubCategory" alwaysnotify="true"/>
    <field id="backFromDetails" type="boolean" alwaysnotify="true" onChange="resetFocus"/>
    <field id="hideContent" type="boolean" alwaysnotify="true" onChange="hideContent"/>
    <field id="contentDoneLoading" type="boolean" alwaysnotify="true"/>
    <field id="listType" type="string" value="grid" alwaysnotify="true" onChange="resetFocus"/>

    <field id="rowsToLoad" type="Integer" value="0"/>
    
    <field id="itemSelected" type="node" alwaysnotify="true"/>

    <field id="contentCount" type="Integer" onChange="onContentCountChanged" alwaysnotify="true" />
    <field id="dynamicContent" type="node" onChange="onDynamicContentChanged" alwaysnotify="true" />
    <field id="gridContent" type="node"  alias="rowList.content"  alwaysnotify="true" />

    <field id="dropdownItemFocused" type="vector2d" alias="dropdownSelector.ItemSelected"/>
    <field id="markupListItemFocused" type="intarray" alias="markupList.itemFocused" onChange="changeTitle"/>

     <!--************************************** DL FIELDS **************************************-->

    <field id="DLGridItemComponent" type="string" alias="" value="dlRowListItem"/>
    <field id="DLGridRowItemSize" type="string" alias="" value=""/>
    <field id="DLGridRowHeights" type="intarray" alias="" value=""/>
    <field id="DLGridItemSpacing" type="intarray" alias="" value=""/>
    <field id="DLGridRowItemSpacing" type="vector2d"/>

    <!--************************************** CONTENT TITLE **************************************-->

    <field id="contentTitleColor" type="color" alias="contentTitle.color" value="#000000"/>
    <field id="contentTitleHeight" type="float" alias="contentTitle.height" value="50"/>
    <field id="contentTitleWidth" type="float" alias="contentTitle.width" value="350"/>
    <field id="contentTitleTranslation" type="vector2d" alias="contentTitle.translation" value="[110,75]"/>
    <field id="contentTitleText" type="String" />
    <field id="contentTitleVisible" type="boolean"/>
    <field id="contentTitle" type="assocarray" onChange="changeFontBase"/>

    <!--************************************** CONTENT GRID **************************************-->

    <field id="rowListTranslation" type="vector2d" alias="rowList.translation" value="[110, 175]"/>
    <field id="rowListItemComponent" type="string" alias="" value="rowListItem"/>
    <field id="rowListItemSize" type="string" alias="rowList.itemSize" value="[ 1700, 310 ]"/>
    <field id="rowListRowHeights" type="intarray" alias="" value="[310]"/>
    <field id="rowListRowItemSize" type="string" alias="" value="[ [380, 280] ]"/>
    <field id="rowListItemSpacing" type="string" alias="rowList.itemSpacing" value="[0,70]"/>
    <field id="rowListRowItemSpacing" type="string" alias="rowList.rowItemSpacing" value="[[50,0]]"/>
    <field id="rowListRowLabelOffset" type="string" alias="rowList.rowLabelOffset" value="[[0,15]]"/>
    <field id="rowListShowRowLabel" type="string" alias="rowList.showRowLabel" value="[true]"/>
    <field id="rowListShowRowCounter" type="string" alias="rowList.showRowCounter" value="[true]"/>
    <field id="rowListRowLabelFont" type="string" alias="rowList.rowLabelFont"/>
    <field id="rowListRowLabelColor" type="color" alias="rowList.rowLabelColor" value="#ffffff"/>
    <field id="rowListNumRows" type="integer" alias="rowList.numRows" value="5"/>
    <field id="rowListVertFocus" type="string" alias="rowList.vertFocusAnimationStyle" value="fixedFocus"/>
    <field id="rowListRowFocus" type="string" alias="rowList.rowFocusAnimationStyle" value="floatingFocus"/>
    <field id="rowListDrawFocus" type="boolean" alias="rowList.drawFocusFeedback" value="true"/>
    <field id="rowListDrawFocusOnTop" type="boolean" alias="rowList.drawFocusFeedbackOnTop" value="false"/>
    <field id="rowListFocusBitmapUri" type="uri" alias="rowList.focusBitmapUri" value=""/>
    <field id="rowListFocusBitmapBlendColor" type="color" alias="rowList.focusBitmapBlendColor" value=""/>
    <field id="rowList" type="assocarray" onChange="changeFontBase"/>

    <field id="rowListVisible" type="boolean" alias="rowList.visible" value="false"/>

    <!--************************************** CONTENT LIST **************************************-->

    <field id="markupListTranslation" type="vector2d" alias="markupList.translation" value="[110, 175]"/>
    <field id="markupListItemComponent" type="string" alias="markupList.itemComponentName" value="scheduleItem"/>
    <field id="markupListItemSpacing" type="string" alias="markupList.itemSpacing" value="[10,50]"/>
    <field id="markupListItemSize" type="string" alias="markupList.itemSize" value="[ 1700, 250 ]"/>
    <field id="markupListVertFocus" type="string" alias="markupList.vertFocusAnimationStyle" value="fixedFocus"/>
    <field id="markupListSectionDividerBitmapUri" type="string" alias="markupList.sectionDividerBitmapUri"/>
    <field id="markupListSectionDividerFont" type="string" alias="markupList.sectionDividerFont"/>

    <field id="markupListDrawFocus" type="boolean" alias="markupList.drawFocusFeedback" value="true"/>
    <field id="markupListDrawFocusOnTop" type="boolean" alias="markupList.drawFocusFeedbackOnTop" value="false"/>
    <field id="markupListFocusBitmapUri" type="uri" alias="markupList.focusBitmapUri" value=""/>
    <field id="markupListFocusBitmapBlendColor" type="color" alias="markupList.focusBitmapBlendColor" value="0x252525FF"/>
    <field id="markupListVisibility" type="boolean" alias="markupList.visible" value="false"/>

    <!--************************************** CONTENT POSTER **************************************-->

    <field id="contentPosterUri" type="string" alias="contentPoster.uri" onChange=""/>
    <field id="contentPosterTranslation" type="vector2d" alias="contentPoster.translation" value="[1500,100]"/>
    <field id="contentPosterHeight" type="float" alias="contentPoster.height" value="42"/>
    <field id="contentPosterWidth" type="float" alias="contentPoster.width" value="300"/>

    <!--************************************** CONTENT MARKUPGRID **************************************-->

    <field id="markupGridItemComponentName" type="string" alias="markupGrid.itemComponentName" value="rowListItem"/>
    <field id="markupGridHorizFocusAnimationStyle" type="string" alias="markupGrid.horizFocusAnimationStyle" value="floatingFocus"/>
    <field id="markupGridVertFocusAnimationStyle" type="string" alias="markupGrid.vertFocusAnimationStyle" value="fixedFocus"/>
    <field id="markupGridNumColumns" type="float" alias="markupGrid.numColumns" value="3"/>
    <field id="markupGridNumRows" type="float" alias="markupGrid.numRows" value="5"/>
    <field id="markupGridRowHeights" type="floatarray" alias="markupGrid.rowHeights" value=""/>
    <field id="markupGridRowSpacings" type="intarray" alias="markupGrid.rowSpacings" value=""/>
    <field id="markupGridItemSize" type="vector2d" alias="markupGrid.itemSize" value="[533, 375]"/>
    <field id="markupGridItemSpacing" type="vector2d" alias="markupGrid.itemSpacing" value="[51,102]"/>
    <field id="markupGridDrawFocusFeedback" type="boolean" alias="markupGrid.drawFocusFeedback" value="true"/>
    <field id="markupGridFocusBitmapUri" type="uri" alias="markupGrid.focusBitmapUri" value=""/>
    <field id="markupGridFocusBitmapBlendColor" type="color" alias="markupGrid.focusBitmapBlendColor" value=""/>
    <field id="markupGridTranslation" type="vector2d" alias="markupGrid.translation" value="[110, 175]"/>

    <field id="markupGridColumnWidths" type="array" alias="markupGrid.columnWidths" value=""/>
    <field id="markupGridColumnSpacings" type="array" alias="markupGrid.columnSpacings" value=""/>

    <field id="markupGridVisible" type="boolean" alias="markupGrid.visible" value="false"/>


    <!--***********************************************************************************************-->
    <!--************************************** DROPDOWN SELECTOR **************************************-->
    <!--***********************************************************************************************-->

    <!-- How to reposition the Dropdown Selector 
          - The Dark Border & Grid Group must have the same Translation
          - Dark Border height and width are equal to Grid Menu Text height and width
          - Label Rect height & width are slightly smaller than the Dark Border and Grid Menu Text
          - More to come..
    -->

    <!-- <field id="dropdownSelectorToggle" type="boolean" value="false"/> -->

    <!-- <field id="dropdownSelectorVisible" type="boolean" alias="dropdownSelector.visible" value="false"/> -->

    <!-- ********************************** GRID MENU HIGHLIGHT ********************************** -->

    <field id="dropdownGridGroupTranslation" type="vector2d" alias="dropdownSelector.gridGroupTranslation"/>

    <!-- ********************************** GRID MENU HIGHLIGHT ********************************** -->

    <field id="dropdownGridMenuHighlightTranslation" type="vector2d" alias="dropdownSelector.gridMenuHighlightTranslation"/>
    <field id="dropdownGridMenuHighlightColor" type="color" alias="dropdownSelector.gridMenuHighlightColor"/>
    <field id="dropdownGridMenuHighlightWidth" type="float" alias="dropdownSelector.gridMenuHighlightWidth"/>
    <field id="dropdownGridMenuHighlightHeight" type="float" alias="dropdownSelector.gridMenuHighlightHeight"/>

    <!-- ********************************** DARK BORDER RECT ********************************** -->

    <field id="dropdownDarkBorderColor" type="color" alias="dropdownSelector.darkBorderColor"/>
    <field id="dropdownDarkBorderHeight" type="float" alias="dropdownSelector.darkBorderHeight"/>
    <field id="dropdownDarkBorderWidth" type="float" alias="dropdownSelector.darkBorderWidth"/>

    <!-- ********************************** LABEL RECT ********************************** -->

    <field id="dropdownLabelRectTranslation" type="vector2d" alias="dropdownSelector.labelRectTranslation"/>
    <field id="dropdownLabelRectColor" type="color" alias="dropdownSelector.labelRectColor"/>
    <field id="dropdownLabelRectHeight" type="float" alias="dropdownSelector.labelRectHeight"/>
    <field id="dropdownLabelRectWidth" type="float" alias="dropdownSelector.labelRectWidth"/>

    <!-- ********************************** GRID MENU LABEL ********************************** -->

    <field id="dropdownGridMenuTextColor" type="color" alias="dropdownSelector.gridMenuTextColor"/>
    <field id="dropdownGridMenuTextHeight" type="float" alias="dropdownSelector.gridMenuTextHeight"/>
    <field id="dropdownGridMenuTextWidth" type="float" alias="dropdownSelector.gridMenuTextWidth"/>
    <field id="dropdownGridMenuTextHorizAlign" type="string" alias="dropdownSelector.gridMenuTextHorizAlign"/>
    <field id="dropdownGridMenuTextVertAlign" type="string" alias="dropdownSelector.gridMenuTextVertAlign"/>

    <!-- ********************************** GRID MENU BG ********************************** -->

    <field id="dropdownGridMenuBgTranslation" type="vector2d" alias="dropdownSelector.gridMenuBgTranslation"/>
    <field id="dropdownGridMenuBgColor" type="color" alias="dropdownSelector.gridMenuBgColor"/>
    <field id="dropdownGridMenuBgHeight" type="float" alias="dropdownSelector.gridMenuBgHeight"/>
    <field id="dropdownGridMenuBgWidth" type="float" alias="dropdownSelector.gridMenuBgWidth"/>
    <field id="dropdownGridMenuBgVisibility" type="boolean" alias="dropdownSelector.gridMenuBgVisibility"/>

    <!-- ********************************** GRID MENU LABEL LIST ********************************** -->

    <field id="dropdownGridMenuListItemSize" type="intarray" alias="dropdownSelector.gridMenuListItemSize"/>
    <field id="dropdownGridMenuListFocusRow" type="int" alias="dropdownSelector.gridMenuListFocusRow"/>
    <field id="dropdownGridMenuListVertFocusAnimationStyle" type="string" alias="dropdownSelector.gridMenuListVertFocusAnimationStyle"/>
    <field id="dropdownGridMenuListTextHorizAlign" type="string" alias="dropdownSelector.gridMenuListTextHorizAlign"/>
    <field id="dropdownGridMenuListnumRows" type="string" alias="dropdownSelector.gridMenuListnumRows"/>


    <field id="contentMenuVisible" type="boolean" alias="contentMenu.visible" value="false"/>
    <field id="contentMenuItemFocused" type="integer" alias="contentMenu.itemFocused" onChange="OnContentMenuItemFocused"/>

    <!--***********************************************************************************************-->
    <!--************************************ END DROPDOWN SELECTOR ************************************-->
    <!--***********************************************************************************************-->

    <!--************************************** LOADING INDICATOR **************************************-->

    <field id="loadingIndicatorControl" type="string" alias="loadingIndicator.control" value="start"/>
    <field id="loadingIndicatorImageUri" type="uri" alias="loadingIndicator.imageUri" value="pkg:/components/CED-Roku-Components/LoadingIndicator/loader-2.png"/>
    <field id="loadingIndicatorImageWidth" type="float" alias="loadingIndicator.imageWidth" value="75"/>
    <field id="loadingIndicatortextColor" type="color" alias="loadingIndicator.textColor" value="#ffffff"/>
    <field id="loadingIndicatorText" type="string" alias="loadingIndicator.text" value=""/>

  </interface>

  <script type="text/brightscript" uri="pkg:/components/CED-Roku-Components/contentScene/contentScene.brs"/>
  <script type="text/brightscript" uri="pkg:/source/nodeHelper.brs" />
  <script type="text/brightscript" uri="pkg:/source/dateParser.brs" />
  <script type="text/brightscript" uri="pkg:/source/itemParser.brs" />
  <script type="text/brightscript" uri="pkg:/source/generalUtils.brs" />
  <script type="text/brightscript" uri="pkg:/source/loadMore.brs" />
  <script type="text/brightscript" uri="pkg:/source/refreshContent.brs" />
  

    
  <children>

    <Poster id="contentPoster" visible="true"/>
    
    <Label id="contentTitle"/>

    <Label id="sectionTitle" translation="[110, 150]" font="font:MediumBoldSystemFont"/>

    <RowList id="rowList"/>

    <MarkupList id="markupList"/>

    <MarkupGrid id="markupGrid"/>

    <DropdownSelector id="dropdownSelector" visible="false"/>
    
    <contentMenu id="contentMenu" visible="false" translation="[0,0]"/>

    <LoadingIndicator
      id="loadingIndicator"
      clockwise="true"
      spinInterval="1"
      fadeInterval="0.5"
      spacing="20"
      imageWidth="75"
      text=""
      width="1920"
      height="1080"
      centered="false"
      translation="[0, 0]"
      textPadding="10"
      textColor="#ffffff"
      font="font:SmallBoldSystemFont"
      backgroundColor="#000000"
      backgroundOpacity=".4"/>

    <Timer
      id="refreshTimer"
      repeat="true"
      duration="60"/>


  </children>
</component>