{
  "_": "_",
  "paging": {
    "pageNumber": 1,
    "totalPages": 9,
    "count": 206,
    "navStart": 1,
    "navEnd": 7
  },
  "id": 810,
  "seoName": "EVENT-REPLAYS",
  "extId": "",
  "name": "EVENT REPLAYS",
  "description": "Event replays Description",
  "image": "810_es.jpg",
  "releaseDate": "2013-08-07T00:00:00.000",
  "releaseDateGMT": "2013-08-07T04:00:00.000",
  "isLeaf": true,
  "sortBy": 3,
  "playReverse": true,
  "programCount": 208,
  "style": "#A026B5",
  "seo": {
    "title": "",
    "description": "",
    "keywords": ""
  },
  "programs": [
    {
      "id": 79101,
      "name": "Episode Name",
      "seoName": "eventUniqueName",
      "description": "Event Description",
      "image": "2018/10/01/79101_es.jpg",
      "runtime": "342",
      "runtimeHours": "5:41:45",
      "location": "New York NY",
      "venue": "Event Venue",
      "share": true,
      "eventId": "79101",
      "releaseDate": "2019-01-23T18:00:00.000",
      "releaseDateGMT": "2019-01-23T23:00:00.000",
      "purchaseTypeId": 20
    },
    {
      "id": 79101,
      "name": "Episode Name",
      "seoName": "eventUniqueName",
      "description": "Event Description",
      "image": "2018/10/01/79101_es.jpg",
      "runtime": "342",
      "runtimeHours": "5:41:45",
      "location": "New York NY",
      "venue": "Event Venue",
      "share": true,
      "eventId": "79101",
      "releaseDate": "2019-01-23T18:00:00.000",
      "releaseDateGMT": "2019-01-23T23:00:00.000",
      "purchaseTypeId": 20
    },
    {
      "id": 79101,
      "name": "Episode Name",
      "seoName": "eventUniqueName",
      "description": "Event Description",
      "image": "2018/10/01/79101_es.jpg",
      "runtime": "342",
      "runtimeHours": "5:41:45",
      "location": "New York NY",
      "venue": "Event Venue",
      "share": true,
      "eventId": "79101",
      "releaseDate": "2019-01-23T18:00:00.000",
      "releaseDateGMT": "2019-01-23T23:00:00.000",
      "purchaseTypeId": 20
    },
    {
      "id": 79101,
      "name": "Episode Name",
      "seoName": "eventUniqueName",
      "description": "Event Description",
      "image": "2018/10/01/79101_es.jpg",
      "runtime": "342",
      "runtimeHours": "5:41:45",
      "location": "New York NY",
      "venue": "Event Venue",
      "share": true,
      "eventId": "79101",
      "releaseDate": "2019-01-23T18:00:00.000",
      "releaseDateGMT": "2019-01-23T23:00:00.000",
      "purchaseTypeId": 20
    },
    {
      "id": 79101,
      "name": "Episode Name",
      "seoName": "eventUniqueName",
      "description": "Event Description",
      "image": "2018/10/01/79101_es.jpg",
      "runtime": "342",
      "runtimeHours": "5:41:45",
      "location": "New York NY",
      "venue": "Event Venue",
      "share": true,
      "eventId": "79101",
      "releaseDate": "2019-01-23T18:00:00.000",
      "releaseDateGMT": "2019-01-23T23:00:00.000",
      "purchaseTypeId": 20
    },
    {
      "id": 79101,
      "name": "Episode Name",
      "seoName": "eventUniqueName",
      "description": "Event Description",
      "image": "2018/10/01/79101_es.jpg",
      "runtime": "342",
      "runtimeHours": "5:41:45",
      "location": "New York NY",
      "venue": "Event Venue",
      "share": true,
      "eventId": "79101",
      "releaseDate": "2019-01-23T18:00:00.000",
      "releaseDateGMT": "2019-01-23T23:00:00.000",
      "purchaseTypeId": 20
    },
    {
      "id": 79101,
      "name": "Episode Name",
      "seoName": "eventUniqueName",
      "description": "Event Description",
      "image": "2018/10/01/79101_es.jpg",
      "runtime": "342",
      "runtimeHours": "5:41:45",
      "location": "New York NY",
      "venue": "Event Venue",
      "share": true,
      "eventId": "79101",
      "releaseDate": "2019-01-23T18:00:00.000",
      "releaseDateGMT": "2019-01-23T23:00:00.000",
      "purchaseTypeId": 20
    },
    {
      "id": 79101,
      "name": "Episode Name",
      "seoName": "eventUniqueName",
      "description": "Event Description",
      "image": "2018/10/01/79101_es.jpg",
      "runtime": "342",
      "runtimeHours": "5:41:45",
      "location": "New York NY",
      "venue": "Event Venue",
      "share": true,
      "eventId": "79101",
      "releaseDate": "2019-01-23T18:00:00.000",
      "releaseDateGMT": "2019-01-23T23:00:00.000",
      "purchaseTypeId": 20
    },
    {
      "id": 79101,
      "name": "Episode Name",
      "seoName": "eventUniqueName",
      "description": "Event Description",
      "image": "2018/10/01/79101_es.jpg",
      "runtime": "342",
      "runtimeHours": "5:41:45",
      "location": "New York NY",
      "venue": "Event Venue",
      "share": true,
      "eventId": "79101",
      "releaseDate": "2019-01-23T18:00:00.000",
      "releaseDateGMT": "2019-01-23T23:00:00.000",
      "purchaseTypeId": 20
    },
    {
      "id": 79101,
      "name": "Episode Name",
      "seoName": "eventUniqueName",
      "description": "Event Description",
      "image": "2018/10/01/79101_es.jpg",
      "runtime": "342",
      "runtimeHours": "5:41:45",
      "location": "New York NY",
      "venue": "Event Venue",
      "share": true,
      "eventId": "79101",
      "releaseDate": "2019-01-23T18:00:00.000",
      "releaseDateGMT": "2019-01-23T23:00:00.000",
      "purchaseTypeId": 20
    },
    {
      "id": 79101,
      "name": "Episode Name",
      "seoName": "eventUniqueName",
      "description": "Event Description",
      "image": "2018/10/01/79101_es.jpg",
      "runtime": "342",
      "runtimeHours": "5:41:45",
      "location": "New York NY",
      "venue": "Event Venue",
      "share": true,
      "eventId": "79101",
      "releaseDate": "2019-01-23T18:00:00.000",
      "releaseDateGMT": "2019-01-23T23:00:00.000",
      "purchaseTypeId": 20
    },
    {
      "id": 79101,
      "name": "Episode Name",
      "seoName": "eventUniqueName",
      "description": "Event Description",
      "image": "2018/10/01/79101_es.jpg",
      "runtime": "342",
      "runtimeHours": "5:41:45",
      "location": "New York NY",
      "venue": "Event Venue",
      "share": true,
      "eventId": "79101",
      "releaseDate": "2019-01-23T18:00:00.000",
      "releaseDateGMT": "2019-01-23T23:00:00.000",
      "purchaseTypeId": 20
    },
    {
      "id": 79101,
      "name": "Episode Name",
      "seoName": "eventUniqueName",
      "description": "Event Description",
      "image": "2018/10/01/79101_es.jpg",
      "runtime": "342",
      "runtimeHours": "5:41:45",
      "location": "New York NY",
      "venue": "Event Venue",
      "share": true,
      "eventId": "79101",
      "releaseDate": "2019-01-23T18:00:00.000",
      "releaseDateGMT": "2019-01-23T23:00:00.000",
      "purchaseTypeId": 20
    },
    {
      "id": 79101,
      "name": "Episode Name",
      "seoName": "eventUniqueName",
      "description": "Event Description",
      "image": "2018/10/01/79101_es.jpg",
      "runtime": "342",
      "runtimeHours": "5:41:45",
      "location": "New York NY",
      "venue": "Event Venue",
      "share": true,
      "eventId": "79101",
      "releaseDate": "2019-01-23T18:00:00.000",
      "releaseDateGMT": "2019-01-23T23:00:00.000",
      "purchaseTypeId": 20
    }
  ]
}