{  
   "_":"_",
   "paging":{  
      "pageNumber":1,
      "totalPages":3,
      "count":51,
      "navStart":1,
      "navEnd":3
   },
   "id":1524,
   "seoName":"featured-events",
   "extId":"",
   "name":"Category NAme",
   "description":"CategoryDescription",
   "image":"",
   "releaseDate":"2018-11-27T00:00:00.000",
   "releaseDateGMT":"2018-11-27T05:00:00.000",
   "isLeaf":true,
   "sortBy":3,
   "programs":[  
      {  
         "id":90613,
         "name":"Ep 1234 Epiosde Name",
         "seoName":"episodeUniqueId",
         "description":"Episode Description.",
         "image":"2019/02/13/90613_es.jpg",
         "runtime":"97",
         "runtimeHours":"1:37:27",
         "share":true,
         "showName":"EpisodeShowName",
         "showId":"1524",
         "tvRating":"",
         "extUrl":"pg_ep274_02132019.mp3",
         "releaseDate":"2019-02-13T09:00:00.000",
         "releaseDateGMT":"2019-02-13T14:00:00.000",
         "purchaseTypeId":21
      },
            {  
         "id":90613,
         "name":"Ep 1234 Epiosde Name",
         "seoName":"episodeUniqueId",
         "description":"Episode Description.",
         "image":"2019/02/13/90613_es.jpg",
         "runtime":"97",
         "runtimeHours":"1:37:27",
         "share":true,
         "showName":"EpisodeShowName",
         "showId":"1524",
         "tvRating":"",
         "extUrl":"pg_ep274_02132019.mp3",
         "releaseDate":"2019-02-13T09:00:00.000",
         "releaseDateGMT":"2019-02-13T14:00:00.000",
         "purchaseTypeId":21
      },
            {  
         "id":90613,
         "name":"Ep 1234 Epiosde Name",
         "seoName":"episodeUniqueId",
         "description":"Episode Description.",
         "image":"2019/02/13/90613_es.jpg",
         "runtime":"97",
         "runtimeHours":"1:37:27",
         "share":true,
         "showName":"EpisodeShowName",
         "showId":"1524",
         "tvRating":"",
         "extUrl":"pg_ep274_02132019.mp3",
         "releaseDate":"2019-02-13T09:00:00.000",
         "releaseDateGMT":"2019-02-13T14:00:00.000",
         "purchaseTypeId":21
      },
            {  
         "id":90613,
         "name":"Ep 1234 Epiosde Name",
         "seoName":"episodeUniqueId",
         "description":"Episode Description.",
         "image":"2019/02/13/90613_es.jpg",
         "runtime":"97",
         "runtimeHours":"1:37:27",
         "share":true,
         "showName":"EpisodeShowName",
         "showId":"1524",
         "tvRating":"",
         "extUrl":"pg_ep274_02132019.mp3",
         "releaseDate":"2019-02-13T09:00:00.000",
         "releaseDateGMT":"2019-02-13T14:00:00.000",
         "purchaseTypeId":21
      },
            {  
         "id":90613,
         "name":"Ep 1234 Epiosde Name",
         "seoName":"episodeUniqueId",
         "description":"Episode Description.",
         "image":"2019/02/13/90613_es.jpg",
         "runtime":"97",
         "runtimeHours":"1:37:27",
         "share":true,
         "showName":"EpisodeShowName",
         "showId":"1524",
         "tvRating":"",
         "extUrl":"pg_ep274_02132019.mp3",
         "releaseDate":"2019-02-13T09:00:00.000",
         "releaseDateGMT":"2019-02-13T14:00:00.000",
         "purchaseTypeId":21
      },
            {  
         "id":90613,
         "name":"Ep 1234 Epiosde Name",
         "seoName":"episodeUniqueId",
         "description":"Episode Description.",
         "image":"2019/02/13/90613_es.jpg",
         "runtime":"97",
         "runtimeHours":"1:37:27",
         "share":true,
         "showName":"EpisodeShowName",
         "showId":"1524",
         "tvRating":"",
         "extUrl":"pg_ep274_02132019.mp3",
         "releaseDate":"2019-02-13T09:00:00.000",
         "releaseDateGMT":"2019-02-13T14:00:00.000",
         "purchaseTypeId":21
      },
            {  
         "id":90613,
         "name":"Ep 1234 Epiosde Name",
         "seoName":"episodeUniqueId",
         "description":"Episode Description.",
         "image":"2019/02/13/90613_es.jpg",
         "runtime":"97",
         "runtimeHours":"1:37:27",
         "share":true,
         "showName":"EpisodeShowName",
         "showId":"1524",
         "tvRating":"",
         "extUrl":"pg_ep274_02132019.mp3",
         "releaseDate":"2019-02-13T09:00:00.000",
         "releaseDateGMT":"2019-02-13T14:00:00.000",
         "purchaseTypeId":21
      },
            {  
         "id":90613,
         "name":"Ep 1234 Epiosde Name",
         "seoName":"episodeUniqueId",
         "description":"Episode Description.",
         "image":"2019/02/13/90613_es.jpg",
         "runtime":"97",
         "runtimeHours":"1:37:27",
         "share":true,
         "showName":"EpisodeShowName",
         "showId":"1524",
         "tvRating":"",
         "extUrl":"pg_ep274_02132019.mp3",
         "releaseDate":"2019-02-13T09:00:00.000",
         "releaseDateGMT":"2019-02-13T14:00:00.000",
         "purchaseTypeId":21
      },
            {  
         "id":90613,
         "name":"Ep 1234 Epiosde Name",
         "seoName":"episodeUniqueId",
         "description":"Episode Description.",
         "image":"2019/02/13/90613_es.jpg",
         "runtime":"97",
         "runtimeHours":"1:37:27",
         "share":true,
         "showName":"EpisodeShowName",
         "showId":"1524",
         "tvRating":"",
         "extUrl":"pg_ep274_02132019.mp3",
         "releaseDate":"2019-02-13T09:00:00.000",
         "releaseDateGMT":"2019-02-13T14:00:00.000",
         "purchaseTypeId":21
      },
            {  
         "id":90613,
         "name":"Ep 1234 Epiosde Name",
         "seoName":"episodeUniqueId",
         "description":"Episode Description.",
         "image":"2019/02/13/90613_es.jpg",
         "runtime":"97",
         "runtimeHours":"1:37:27",
         "share":true,
         "showName":"EpisodeShowName",
         "showId":"1524",
         "tvRating":"",
         "extUrl":"pg_ep274_02132019.mp3",
         "releaseDate":"2019-02-13T09:00:00.000",
         "releaseDateGMT":"2019-02-13T14:00:00.000",
         "purchaseTypeId":21
      },
            {  
         "id":90613,
         "name":"Ep 1234 Epiosde Name",
         "seoName":"episodeUniqueId",
         "description":"Episode Description.",
         "image":"2019/02/13/90613_es.jpg",
         "runtime":"97",
         "runtimeHours":"1:37:27",
         "share":true,
         "showName":"EpisodeShowName",
         "showId":"1524",
         "tvRating":"",
         "extUrl":"pg_ep274_02132019.mp3",
         "releaseDate":"2019-02-13T09:00:00.000",
         "releaseDateGMT":"2019-02-13T14:00:00.000",
         "purchaseTypeId":21
      },
            {  
         "id":90613,
         "name":"Ep 1234 Epiosde Name",
         "seoName":"episodeUniqueId",
         "description":"Episode Description.",
         "image":"2019/02/13/90613_es.jpg",
         "runtime":"97",
         "runtimeHours":"1:37:27",
         "share":true,
         "showName":"EpisodeShowName",
         "showId":"1524",
         "tvRating":"",
         "extUrl":"pg_ep274_02132019.mp3",
         "releaseDate":"2019-02-13T09:00:00.000",
         "releaseDateGMT":"2019-02-13T14:00:00.000",
         "purchaseTypeId":21
      },
            {  
         "id":90613,
         "name":"Ep 1234 Epiosde Name",
         "seoName":"episodeUniqueId",
         "description":"Episode Description.",
         "image":"2019/02/13/90613_es.jpg",
         "runtime":"97",
         "runtimeHours":"1:37:27",
         "share":true,
         "showName":"EpisodeShowName",
         "showId":"1524",
         "tvRating":"",
         "extUrl":"pg_ep274_02132019.mp3",
         "releaseDate":"2019-02-13T09:00:00.000",
         "releaseDateGMT":"2019-02-13T14:00:00.000",
         "purchaseTypeId":21
      },
            {  
         "id":90613,
         "name":"Ep 1234 Epiosde Name",
         "seoName":"episodeUniqueId",
         "description":"Episode Description.",
         "image":"2019/02/13/90613_es.jpg",
         "runtime":"97",
         "runtimeHours":"1:37:27",
         "share":true,
         "showName":"EpisodeShowName",
         "showId":"1524",
         "tvRating":"",
         "extUrl":"pg_ep274_02132019.mp3",
         "releaseDate":"2019-02-13T09:00:00.000",
         "releaseDateGMT":"2019-02-13T14:00:00.000",
         "purchaseTypeId":21
      }
   ]
}