{
  "_": "_",
  "paging": {
    "pageNumber": 1,
    "totalPages": 1,
    "count": 18,
    "navStart": 1,
    "navEnd": 1
  },
  "id": 807,
  "seoName": "LIVE-EVENTS",
  "extId": "",
  "name": "LIVE EVENTS",
  "description": "LIVE EVENTS",
  "image": "",
  "releaseDate": "2013-08-07T00:00:00.000",
  "releaseDateGMT": "2013-08-07T04:00:00.000",
  "isLeaf": true,
  "programCount": 21,
  "style": "",
  "seo": {
    "title": "Live Events",
    "description": "Watch live poker tournaments and cash games on PokerGO including the World Series of Poker, Poker After Dark, World Poker Tour, US Poker Open, Poker Masters and Super High Roller Bowl.",
    "keywords": "PokerGO, Las Vegas ARIA Studio, Poker After Dark, World Series of Poker, World Poker Tour, US Poker Open, Super High Roller Bowl, Poker Masters, Live poker, live poker tournament, high stakes poker, World Series of Poker Main Event, ARIA Poker Studio"
  },
  "programs": [
    {
      "id": 87077,
      "name": "Event Name",
      "seoName": "liveEventUniqueID",
      "description": "The Live Evenet Description",
      "image": "2019/01/03/87077_es.jpg",
      "runtime": "0:00",
      "runtimeHours": "0:00",
      "location": "New York NY",
      "venue": "Event Venue",
      "share": true,
      "eventId": "87077",
      "liveState": 0,
      "beginDateTime": "2019-02-04T18:00:00.000",
      "beginDateTimeGMT": "2019-02-04T23:00:00.000",
      "endDateTimeGMT": "2019-02-05T07:00:00.000",
      "purchaseTypeId": 20
    },
    {
      "id": 87077,
      "name": "Event Name",
      "seoName": "liveEventUniqueID",
      "description": "The Live Evenet Description",
      "image": "2019/01/03/87077_es.jpg",
      "runtime": "0:00",
      "runtimeHours": "0:00",
      "location": "New York NY",
      "venue": "Event Venue",
      "share": true,
      "eventId": "87077",
      "liveState": 0,
      "beginDateTime": "2019-02-04T18:00:00.000",
      "beginDateTimeGMT": "2019-02-04T23:00:00.000",
      "endDateTimeGMT": "2019-02-05T07:00:00.000",
      "purchaseTypeId": 20
    },
    {
      "id": 87077,
      "name": "Event Name",
      "seoName": "liveEventUniqueID",
      "description": "The Live Evenet Description",
      "image": "2019/01/03/87077_es.jpg",
      "runtime": "0:00",
      "runtimeHours": "0:00",
      "location": "New York NY",
      "venue": "Event Venue",
      "share": true,
      "eventId": "87077",
      "liveState": 0,
      "beginDateTime": "2019-02-04T18:00:00.000",
      "beginDateTimeGMT": "2019-02-04T23:00:00.000",
      "endDateTimeGMT": "2019-02-05T07:00:00.000",
      "purchaseTypeId": 20
    },
    {
      "id": 87077,
      "name": "Event Name",
      "seoName": "liveEventUniqueID",
      "description": "The Live Evenet Description",
      "image": "2019/01/03/87077_es.jpg",
      "runtime": "0:00",
      "runtimeHours": "0:00",
      "location": "New York NY",
      "venue": "Event Venue",
      "share": true,
      "eventId": "87077",
      "liveState": 0,
      "beginDateTime": "2019-02-04T18:00:00.000",
      "beginDateTimeGMT": "2019-02-04T23:00:00.000",
      "endDateTimeGMT": "2019-02-05T07:00:00.000",
      "purchaseTypeId": 20
    },
    {
      "id": 87077,
      "name": "Event Name",
      "seoName": "liveEventUniqueID",
      "description": "The Live Evenet Description",
      "image": "2019/01/03/87077_es.jpg",
      "runtime": "0:00",
      "runtimeHours": "0:00",
      "location": "New York NY",
      "venue": "Event Venue",
      "share": true,
      "eventId": "87077",
      "liveState": 0,
      "beginDateTime": "2019-02-04T18:00:00.000",
      "beginDateTimeGMT": "2019-02-04T23:00:00.000",
      "endDateTimeGMT": "2019-02-05T07:00:00.000",
      "purchaseTypeId": 20
    },
    {
      "id": 87077,
      "name": "Event Name",
      "seoName": "liveEventUniqueID",
      "description": "The Live Evenet Description",
      "image": "2019/01/03/87077_es.jpg",
      "runtime": "0:00",
      "runtimeHours": "0:00",
      "location": "New York NY",
      "venue": "Event Venue",
      "share": true,
      "eventId": "87077",
      "liveState": 0,
      "beginDateTime": "2019-02-04T18:00:00.000",
      "beginDateTimeGMT": "2019-02-04T23:00:00.000",
      "endDateTimeGMT": "2019-02-05T07:00:00.000",
      "purchaseTypeId": 20
    },
    {
      "id": 87077,
      "name": "Event Name",
      "seoName": "liveEventUniqueID",
      "description": "The Live Evenet Description",
      "image": "2019/01/03/87077_es.jpg",
      "runtime": "0:00",
      "runtimeHours": "0:00",
      "location": "New York NY",
      "venue": "Event Venue",
      "share": true,
      "eventId": "87077",
      "liveState": 0,
      "beginDateTime": "2019-02-04T18:00:00.000",
      "beginDateTimeGMT": "2019-02-04T23:00:00.000",
      "endDateTimeGMT": "2019-02-05T07:00:00.000",
      "purchaseTypeId": 20
    }
  ]
}