<?xml version = "1.0" encoding = "utf-8" ?> 

<!--********** Copyright 2016 Roku Corp.  All Rights Reserved. **********-->

<component name = "localSettingsTask" extends = "Task" >
  
  <interface>
    <!-- I/P Params -->
    <field id="id" type="string" />
    <field id="data" type="string" value="" />
    <field id="dataNode" type="node"/>

    <!-- Update Language Params -->
    <field id="languageToChange" type="String" alwaysNotify="true"/>
    
    <!-- Resume Point -->
    <field id = "resumePos" type = "String" alwaysNotify = "true"/>
    <field id = "playbackPos" type = "String" alwaysNotify = "true"/>
    <field id = "taskToDo" type = "String" alwaysNotify = "true"/>

    <!-- O/P Params -->
    <field id="success" type="boolean"  value="false"/>
  </interface>  

  <script type="text/brightscript" uri="pkg:/source/serviceUtils.brs" />
  <script type="text/brightscript" uri="pkg:/source/generalUtils.brs" />
  <script type="text/brightscript" uri="pkg:/source/nodeHelper.brs" />
  <script type="text/brightscript" uri="pkg:/source/registryHelper.brs" />
  <script type="text/brightscript" uri="pkg:/source/configurationDataSource.brs" />
  <script type="text/brightscript" uri="pkg:/source/validations.brs" />
  <script type="text/brightscript" >
  	<![CDATA[

	  sub init()
    end sub

    sub updateLanguage()
     
    End sub

    sub resumePointOpr()
     
    end sub

    Sub updateScoreSettings()
      
    End Sub

    ]]>
  </script>

</component>