<?xml version="1.0" encoding="utf-8" ?> 
<!--********** Copyright 2016 Roku Corp.  All Rights Reserved. **********--> 

<component name="SettingsScene" extends="BaseSceneFull" >
  <interface>
    <field id="content" type="node" alias="settingsMenu.content" onChange="onShowSettings" alwaysNotify="true"/>
    <field id="focused" type="string" alwaysNotify="true" onChange="onFocusChanged" />
    <field id="showSettings" type="boolean" alwaysnotify="true" onChange="onShowSettings"/>
    <field id="signInType" type="string"/>
    
    <!-- NL In App Purchase Fields -->
    <field id="nlIAPHandler" type="boolean" alwaysnotify="true"/>
    <field id="reloadSubscription" type="boolean" onChange="onReloadSubscriptions" alwaysnotify="true"/>
    <field id="reloadScoreSettings" type="boolean" onChange="onReloadScoreSettings" alwaysnotify="true"/>

    <!--********************************* Title Label *********************************-->

    <field id="titleColor" type="string" alias="settingsTitle.color" onChange="" value="#000000"/>
    <field id="titleHeight" type="float" alias="settingsTitle.height" onChange="" value="50"/>
    <field id="titleWidth" type="float" alias="settingsTitle.width" onChange="" value="600"/>
    <field id="titleTranslation" type="vector2d" alias="settingsTitle.translation" value="[110, 75]"/>
    <field id="titleVisible" type="boolean" alias="settingsTitle.visible" value="true"/>
    <field id="settingsTitle" type="assocarray" onChange="changeFontBase"/>

    <!--********************************* Auth Box *********************************-->

    <field id="authBoxColor" type="string" alias="authBox.color" onChange="" value="#000000"/>
    <field id="authBoxHeight" type="float" alias="authBox.height" value="800"/>
    <field id="authBoxWidth" type="float" alias="authBox.width" value="600"/>
    <field id="authBoxTranslation" type="vector2d" alias="authBox.translation" value="[110, 180]"/>
    <field id="authBoxVisibility" type="boolean" alias="authBox.visible" value="true"/>

    <!--********************************* Auth Text *********************************-->

    <field id="authTextColor" type="string" alias="authText.color" onChange="" />
    <field id="authTextTranslation" type="vector2d" alias="authText.translation" value=""/>
    <field id="authTextHeight" type="float" alias="authText.height" value="200"/>
    <field id="authTextWidth" type="float" alias="authText.width" value="500"/>
    <field id="authTextHorizAlign" type="string" alias="authText.horizAlign" value="center"/>
    <field id="authTextVertAlign" type="string" alias="authText.vertAlign" value="center"/>
    <field id="authTextWrap" type="boolean" alias="authText.wrap" value="true"/>
    <field id="authText" type="assocarray" onChange="changeFontBase"/>

    <!--********************************* AuthButton *********************************-->

    <field id="authButtonColor" type="string" alias="authButton.color" onChange="" value="#ffffff" />
    <field id="authButtonHeight" type="float" alias="authButton.height" onChange="" value="100"/>
    <field id="authButtonWidth" type="float" alias="authButton.width" onChange="" value="300"/>
    <field id="authButtonTranslation" type="vector2d" alias="authButton.translation" value="[125, 500]"/>

    <!--********************************* AuthButton Text *********************************-->

    <field id="authButtonTextText" type="string" alias="authButtonText.text" />
    <field id="authButtonTextColor" type="string" alias="authButtonText.color" onChange="" value="#000000"/>
    <field id="authButtonTextHeight" type="float" alias="authButtonText.height" onChange="" value="100"/>
    <field id="authButtonTextWidth" type="float" alias="authButtonText.width" onChange="" value="350"/>
    <field id="authButtonTextHorizAlign" type="string" alias="authButtonText.horizAlign" value="center"/>
    <field id="authButtonTextVertAlign" type="string" alias="authButtonText.vertAlign" value="center"/>
    <field id="authButtonText" type="assocarray" onChange="changeFontBase"/>

    <!--********************************* SubscribeButton *********************************-->

    <field id="subscribeButtonColor" type="string" alias="subscribeButton.color" onChange="" value="#ffffff" />
    <field id="subscribeButtonHeight" type="float" alias="subscribeButton.height" onChange="" value="100"/>
    <field id="subscribeButtonWidth" type="float" alias="subscribeButton.width" onChange="" value="350"/>
    <field id="subscribeButtonTranslation" type="vector2d" alias="subscribeButton.translation" value="[125, 620]"/>
    <field id="subscribeButtonCursorColor" type="color" alwaysNotify="true" onChange="onSubscribeCursorColorChanged"/>

    <!--********************************* SubscribeButton Text *********************************-->

    <field id="subscribeButtonTextText" type="string" alias="subscribeButtonText.text" />
    <field id="subscribeButtonTextColor" type="string" alias="subscribeButtonText.color" onChange="" value="#000000"/>
    <field id="subscribeButtonTextHeight" type="float" alias="subscribeButtonText.height" onChange="" value="100"/>
    <field id="subscribeButtonTextWidth" type="float" alias="subscribeButtonText.width" onChange="" value="350"/>
    <field id="subscribeButtonTextHorizAlign" type="string" alias="subscribeButtonText.horizAlign" value="center"/>
    <field id="subscribeButtonTextVertAlign" type="string" alias="subscribeButtonText.vertAlign" value="center"/>
    <field id="subscribeButtonText" type="assocarray" onChange="changeFontBase"/>
    
    <!--********************************* App Icon/Logo *********************************-->

    <field id="imageUri" type="string" value="pkg:/images/SettingsMenuLogo.png"/>
    <field id="appIconHeight" type="float" alwaysNotify="true" alias="appIcon.height" value="120"/>
    <field id="appIconWidth" type="float" alwaysNotify="true" alias="appIcon.width" value="300"/>
    <field id="appIconTranslation" type="vector2d" alias="appIcon.translation" value="[50,200]"/>

    <!--********************************* Settings MenuList *********************************-->

    <field id="settingsMenuItemComponent" type="string" alias="settingsMenu.itemComponentName" value="MarkupListItem"/>
    <field id="settingsMenuTranslation" type="vector2d" alias="settingsMenu.translation" value="[718,180]"/>
    <field id="settingsMenuItemSize" type="string" alias="settingsMenu.itemSize" value="[ 1070, 130 ]"/>
    <field id="settingsMenuItemSpacing" type="string" alias="settingsMenu.itemSpacing" value="[ 0, 4 ]"/>
    <field id="settingsMenuDrawFocus" type="boolean" alias="settingsMenu.drawFocusFeedback" value="false"/>
    <field id="settingsMenuVertFocus" type="string" alias="settingsMenu.vertFocusAnimationStyle" value="floatingFocus"/>
    <field id="settingsSectionDividerTextColor" type="color" alias="settingsMenu.sectionDividerTextColor" value="#2B2B2B"/>
    <field id="settingsSectionDividerFont" type="string" value="SmallSystemFont"/>


    <!--********************************* Cursor Color *********************************-->

    <field id="cursorColor" type="string" alwaysNotify="true" onChange="onCursorColorChanged"/>

  </interface>

  <script type="text/brightscript" uri="pkg:/components/CED-Roku-Components/settingsScene/settingsScene.brs"/>

  <children>
    
    <Label
      id="settingsTitle"
      font="font:LargeBoldSystemFont"
      />

    <Rectangle id="authBox">
      <Poster id="appIcon"/>
      <Label
        id="authText"
        font="font:SmallBoldSystemFont"
        />

      <Rectangle id="authButton"> 
        <Label
          id="authButtonText"
          font="font:MediumBoldSystemFont"
          />
      </Rectangle>

      <Group id="authButtonCursor" opacity="1.0">
        <Rectangle id="rectTop" width="350" height="5" translation="[ 125, 500 ]" color="#FF0000"/>
        <Rectangle id="rectLeft" width="5" height="100" translation="[ 125, 500 ]" color="#FF0000"/>
        <Rectangle id="rectRight" width="5" height="100" translation="[ 470, 500 ]" color="#FF0000"/>
        <Rectangle id="rectBottom" width="350" height="5" translation="[ 125, 597 ]" color="#FF0000"/>
      </Group>

      <Rectangle id="subscribeButton"> 
        <Label
          id="subscribeButtonText"
          font="font:MediumBoldSystemFont"
          />
      </Rectangle>

      <Group id="subscribeButtonCursor" opacity="1.0">
        <Rectangle id="subscribeRectTop" width="350" height="5" translation="[ 125, 620 ]" color="#FF0000"/>
        <Rectangle id="subscribeRectLeft" width="5" height="100" translation="[ 125, 620 ]" color="#FF0000"/>
        <Rectangle id="subscribeRectRight" width="5" height="100" translation="[ 470, 620 ]" color="#FF0000"/>
        <Rectangle id="subscribeRectBottom" width="350" height="5" translation="[ 125, 717 ]" color="#FF0000"/>
      </Group>
    </Rectangle>

    <MarkupList id="settingsMenu"
        sectionDividerHeight="48.0"
        sectionDividerFont="font:SmallestBoldSystemFont"
        SectionDividerBitmapUri="section_9_Patch.9.png"/>
    
  </children>
</component>