<?xml version = "1.0" encoding = "utf-8" ?>

<component name="BaseScene" extends="Group" >

	<script type="text/brightscript" uri="pkg:/components/CED-Roku-Components/showDialogBox.brs"/>
	<script type="text/brightscript" uri="pkg:/source/nodeHelper.brs" />
	<script type="text/brightscript">
		<![CDATA[
			sub changeFontBase(message as Object)
				field = message.getField()
				data = message.getData()
				font = data.font
				size = data.size
				node = m.top.findNode(field.toStr())
				if node.rowLabelFont <> invalid 
					node.rowLabelFont = m.top.findNode(font.toStr()).clone(true)
					node.rowLabelFont.size = size.toInt()
					print "=============================="
					print node.id ": " node.rowLabelFont.id ": " ; node.rowLabelFont.size
					print "=============================="
				else 
					node.font = m.top.findNode(font.toStr()).clone(true)
					node.font.size = size.toInt()
					print "=============================="
					print node.id ": " node.font.id ": " ; node.font.size
					print "=============================="
				end if
			end sub
		]]>
	</script>
	<children>

		<!-- 
			*******************************************
			* ReDo
			*******************************************
			sizes:
				- 60
				- 40
				- 34
				- 24
			styles:
				- Heavy
				- Heavy Italic
				- Book
				- Bold
				- Bold Italic
				- SemiBold
				- Regular
		 -->
    	<Label>
	      <Font
	      	id="Heavy"
			    role="font" 
			    uri="pkg:/fonts/Uni Sans Heavy.ttf" />
    	</Label>

    	<Label>
	      <Font
	      	id="HeavyItalic"
			    role="font" 
			    uri="pkg:/fonts/Uni Sans Heavy Italic.ttf" />
    	</Label>

    	<Label>
	      <Font
	      	id="Book"
			    role="font" 
			    uri="pkg:/fonts/Uni Sans Book.ttf"/>
	    </Label>

    	<Label>
	      <Font
	      	id="Bold"
			    role="font" 
			    uri="pkg:/fonts/Uni Sans Bold.ttf"/>
	    </Label>

	    <Label>
	      <Font
	      	id="BoldItalic"
			    role="font" 
			    uri="pkg:/fonts/Uni Sans Bold Italic.ttf"/>
	    </Label>

    	<Label>
	      <Font
	      	id="SemiBold"
			    role="font" 
			    uri="pkg:/fonts/Uni Sans SemiBold.ttf"/>
	    </Label>

	    <Label>
	      <Font
	      	id="Regular"
			    role="font" 
			    uri="pkg:/fonts/Uni Sans Regular.ttf" />
	    </Label>
		<!-- 
			*******************************************
			* DLScene
			*******************************************
		 -->
<!-- 		<Label>
      <Font
      	id="DLSceneTitleLabel"
		    role="font" 
		    uri="pkg:/fonts/Uni Sans Heavy Italic.ttf" 
		    size="40" />
    </Label>

    <Label>
      <Font
      	id="ContentGridSmallTitleLabel"
		    role="font" 
		    uri="pkg:/fonts/Uni Sans Bold.ttf" 
		    size="24" />
    </Label> -->

    <!-- 
			*******************************************
			* DLRowListItemLarge
			*******************************************
		 -->
<!-- 		<Label>
      <Font
      	id="NextEventLabel"
		    role="font" 
		    uri="pkg:/fonts/Uni Sans Heavy.ttf" 
		    size="22" />
    </Label>

    <Label>
      <Font
      	id="OrganizationTitleLabel"
		    role="font" 
		    uri="pkg:/fonts/Uni Sans Heavy.ttf" 
		    size="26" />
    </Label>

    <Label>
      <Font
      	id="EventTitleLabel"
		    role="font" 
		    uri="pkg:/fonts/Uni Sans Heavy Italic.ttf" 
		    size="60" />
    </Label>

    <Label>
      <Font
      	id="DateTitleLabel"
		    role="font" 
		    uri="pkg:/fonts/Uni Sans SemiBold.ttf" 
		    size="24" />
    </Label>

    <Label>
      <Font
      	id="LocationTitleLabel"
		    role="font" 
		    uri="pkg:/fonts/Uni Sans SemiBold.ttf" 
		    size="24" />
    </Label> -->

    <!-- 
			*******************************************
			* DLRowListItemSmall
			*******************************************
		 -->
<!-- 		<Label>
      <Font
      	id="DetailCategoryLabel"
		    role="font" 
		    uri="pkg:/fonts/Uni Sans Bold.ttf" 
		    size="18" />
    </Label>

    <Label>
      <Font
      	id="DetailTitleLabel"
		    role="font" 
		    uri="pkg:/fonts/Uni Sans SemiBold.ttf" 
		    size="22" />
    </Label> -->
    <!-- 
		*******************************************
		* DetailScene
		*******************************************
	 -->
    <!-- <Label>
      <Font
      	id="DetailEventName"
		    role="font" 
		    uri="pkg:/fonts/Uni Sans Bold.ttf" 
		    size="22" />
    </Label>

    <Label>
      <Font
      	id="ShowContentName"
		    role="font" 
		    uri="pkg:/fonts/Uni Sans Bold Italic.ttf" 
		    size="64" />
    </Label>

	<Label>
      <Font
      	id="DetaileventProgramCode"
		    role="font" 
		    uri="pkg:/fonts/Uni Sans Bold Italic.ttf" 
		    size="64" />
    </Label>
    
    <Label>
      <Font
      	id="DetailEventDate"
		    role="font" 
		    uri="pkg:/fonts/Uni Sans Regular.ttf" 
		    size="26" />
    </Label>

    <Label>
      <Font
      	id="DetaileventLocation"
		    role="font" 
		    uri="pkg:/fonts/Uni Sans Regular.ttf" 
		    size="26" />
    </Label>

    <Label>
      <Font
      	id="DetaileventBtnText"
		    role="font" 
		    uri="pkg:/fonts/Uni Sans SemiBold.ttf" 
		    size="34" />
    </Label> -->
		<!-- 
			*******************************************
			* Content
			*******************************************
		 -->
<!-- 		<Label>
      <Font
      	id="ContentTitleLabel"
		    role="font" 
		    uri="pkg:/fonts/Uni Sans Heavy Italic.ttf" 
		    size="42" />
    </Label>

    <Label>
      <Font
      	id="RowListLabelFont"
		    role="font" 
		    uri="pkg:/fonts/Uni Sans Bold.ttf" 
		    size="24" />
    </Label> -->

    <!-- 
			*******************************************
			* Search
			*******************************************
		 -->
<!-- 		 <Label>
      <Font
      	id="SearchTitleLabel"
		    role="font" 
		    uri="pkg:/fonts/Uni Sans Heavy Italic.ttf" 
		    size="32" />
    </Label>

    <Label>
      <Font
      	id="SearchSubmitLabel"
		    role="font" 
		    uri="pkg:/fonts/Uni Sans SemiBold.ttf" 
		    size="30" />
    </Label> -->

		<!-- 
			*******************************************
			* Settings
			*******************************************
		 -->
<!-- 		<Label>
      <Font
      	id="SettingsTitleLabel"
		    role="font" 
		    uri="pkg:/fonts/Uni Sans Heavy Italic.ttf" 
		    size="40" />
    </Label>

    <Label>
      <Font
      	id="SettingsAuthText"
		    role="font" 
		    uri="pkg:/fonts/Uni Sans SemiBold.ttf" 
		    size="30" />
    </Label>

    <Label>
      <Font
      	id="SettingsAuthButtonText"
		    role="font" 
		    uri="pkg:/fonts/Uni Sans SemiBold.ttf" 
		    size="38" />
    </Label> -->

    <!-- 
			*******************************************
			* Sign In
			*******************************************
		 -->
<!-- 		 <Label>
	      <Font
	      	id="SignInTitleLabel"
			    role="font" 
			    uri="pkg:/fonts/Uni Sans SemiBold.ttf" 
			    size="52" />
	    </Label>

	    <Label>
	      <Font
	      	id="SignInDescriptionLabel"
			    role="font" 
			    uri="pkg:/fonts/Uni Sans SemiBold.ttf" 
			    size="28" />
	    </Label>

	    <Label>
	      <Font
	      	id="EmailIdText"
			    role="font" 
			    uri="pkg:/fonts/Uni Sans SemiBold.ttf" 
			    size="24" />
	    </Label>

	    <Label>
	      <Font
	      	id="PasswordLabelText"
			    role="font" 
			    uri="pkg:/fonts/Uni Sans SemiBold.ttf" 
			    size="24" />
	    </Label>

	    <Label>
	      <Font
	      	id="LoginButtonLabel"
			    role="font" 
			    uri="pkg:/fonts/Uni Sans SemiBold.ttf" 
			    size="30" />
	    </Label>

	    <Label>
	      <Font
	      	id="ResetPasswordLabel"
			    role="font" 
			    uri="pkg:/fonts/Uni Sans SemiBold.ttf" 
			    size="24" />
	    </Label>

	    <Label>
	      <Font
	      	id="ResetPasswordLocLabel"
			    role="font" 
			    uri="pkg:/fonts/Uni Sans SemiBold.ttf" 
			    size="24" />
	    </Label>

	    <Label>
	      <Font
	      	id="FeedbackTextAreaLabel"
			    role="font" 
			    uri="pkg:/fonts/Uni Sans SemiBold.ttf" 
			    size="24" />
	    </Label>

	    <Label>
	      <Font
	      	id="KeyboardTextLabel"
			    role="font" 
			    uri="pkg:/fonts/Uni Sans SemiBold.ttf" 
			    size="30" />
	    </Label>

	    <Label>
	      <Font
	      	id="SubmitTextLabel"
			    role="font" 
			    uri="pkg:/fonts/Uni Sans SemiBold.ttf" 
			    size="30" />
	    </Label> -->
	    <!-- 
			*******************************************
			* Rendezvous
			*******************************************
		 -->

<!-- 		 	<Label>
	      <Font
	      	id="LinkDeviceHeaderLabel"
			    role="font" 
			    uri="pkg:/fonts/Uni Sans SemiBold.ttf" 
			    size="60" />
	    </Label>

	    <Label>
	      <Font
	      	id="LinkDeviceSubHeaderLabel"
			    role="font" 
			    uri="pkg:/fonts/Uni Sans SemiBold.ttf" 
			    size="28" />
	    </Label>

	    <Label>
	      <Font
	      	id="GoTo"
			    role="font" 
			    uri="pkg:/fonts/Uni Sans SemiBold.ttf" 
			    size="28" />
	    </Label>

	    <Label>
	      <Font
	      	id="LinkDeviceUrlLabel"
			    role="font" 
			    uri="pkg:/fonts/Uni Sans SemiBold.ttf" 
			    size="68" />
	    </Label>

	    <Label>
	      <Font
	      	id="EnterCode"
			    role="font" 
			    uri="pkg:/fonts/Uni Sans SemiBold.ttf" 
			    size="28" />
	    </Label>

	    <Label>
	      <Font
	      	id="DeviceRegCodeLabel"
			    role="font" 
			    uri="pkg:/fonts/Uni Sans SemiBold.ttf" 
			    size="68" />
	    </Label>

	    <Label>
	      <Font
	      	id="SubscribeSubHeaderLabel"
			    role="font" 
			    uri="pkg:/fonts/Uni Sans SemiBold.ttf" 
			    size="28" />
	    </Label>

	    <Label>
	      <Font
	      	id="ContinueButtonLabel"
			    role="font" 
			    uri="pkg:/fonts/Uni Sans SemiBold.ttf" 
			    size="32" />
	    </Label> -->

    <!-- 
			*******************************************
			* MarkupListItem
			*******************************************
		 -->
<!-- 		 <Label>
	      <Font
	      	id="MarkupListItemTitleLabel"
			    role="font" 
			    uri="pkg:/fonts/Uni Sans Heavy Italic.ttf" 
			    size="38" />
	    </Label>

	    <Label>
	      <Font
	      	id="MarkupListItemItemLabel"
			    role="font" 
			    uri="pkg:/fonts/Uni Sans Regular.ttf" 
			    size="34" />
	    </Label> -->

	        <!-- 
			*******************************************
			* MenuListItem (Not sure if this is being used)
			*******************************************
		 -->
<!-- 		 <Label>
	      <Font
	      	id="MenuListItemLabel"
			    role="font" 
			    uri="pkg:/fonts/Uni Sans SemiBold.ttf" 
			    size="30" />
	    </Label> -->

	         <!-- 
			*******************************************
			* HomeMenuItem
			*******************************************
		 -->
<!-- 		 <Label>
	      <Font
	      	id="HomeMenuLabel"
			    role="font" 
			    uri="pkg:/fonts/Uni Sans Regular.ttf" 
			    size="32" />
	    </Label> -->

	         <!-- 
			*******************************************
			* RowListItem
			*******************************************
		 -->
<!-- 		 <Label>
	      <Font
	      	id="RowListItemTitleLabel"
			    role="font" 
			    uri="pkg:/fonts/Uni Sans Regular.ttf" 
			    size="24" />
	    </Label>

	    <Label>
	      <Font
	      	id="ClassLabel"
			    role="font" 
			    uri="pkg:/fonts/Uni Sans Regular.ttf" 
			    size="20" />
	    </Label>

	    <Label>
	      <Font
	      	id="PfpLabel"
			    role="font" 
			    uri="pkg:/fonts/Uni Sans Regular.ttf" 
			    size="15" />
	    </Label>

	    <Label>
	      <Font
	      	id="FirstLabel"
			    role="font" 
			    uri="pkg:/fonts/Uni Sans Bold.ttf" 
			    size="30" />
	    </Label>

	    <Label>
	      <Font
	      	id="LastLabel"
			    role="font" 
			    uri="pkg:/fonts/Uni Sans Bold.ttf" 
			    size="30" />
	    </Label>

	     <Label>
	      <Font
	      	id="NickLabel"
			    role="font" 
			    uri="pkg:/fonts/Uni Sans Regular.ttf" 
			    size="20" />
	    </Label>

		    <Label>
		      <Font
		      	id="EmptyTextLabel"
				    role="font" 
				    uri="pkg:/fonts/Uni Sans Regular.ttf" 
				    size="40" />
		    </Label> -->

	         <!-- 
			*******************************************
			* ScheduleItem
			*******************************************
		 -->
<!-- 		  <Label>
	      <Font
	      	id="EventNameLabel"
			    role="font" 
			    uri="pkg:/fonts/Uni Sans Heavy Italic.ttf" 
			    size="50" />
	    </Label> -->

	    <!-- <Label>
	      <Font
	      	id="ItemProgramCodeLabel"
			    role="font" 
			    uri="pkg:/fonts/Uni Sans Bold.ttf" 
			    size="20" />
	    </Label>
 -->
<!-- 	    <Label>
	      <Font
	      	id="ItemDateLabel"
			    role="font" 
			    uri="pkg:/fonts/Uni Sans Regular.ttf" 
			    size="25" />
	    </Label> -->

	    <!-- <Label>
	      <Font
	      	id="ItemLocationLabel"
			    role="font" 
			    uri="pkg:/fonts/Uni Sans Regular.ttf" 
			    size="25" />
	    </Label> -->

<!-- 	    <Label>
	      <Font
	      	id="EmptyListLabel"
			    role="font" 
			    uri="pkg:/fonts/Uni Sans Regular.ttf" 
			    size="50" />
	    </Label> -->

	    	         <!-- 
			*******************************************
			* LoadingIndicator
			*******************************************
		 -->
		 <Label>
	      <Font
	      	id="LoadingIndicatorLabel"
			    role="font" 
			    uri="pkg:/fonts/Uni Sans Bold.ttf" 
			    size="40" />
	    </Label>

	    	         <!-- 
			*******************************************
			* Purchase Scene
			*******************************************
		 -->

		 <!-- <Label>
	      <Font
	      	id="PurchaseTitleLabel"
			    role="font" 
			    uri="pkg:/fonts/Uni Sans Heavy Italic.ttf" 
			    size="54" />
	    </Label>

	    <Label>
	      <Font
	      	id="PurchaseDescriptionLabel"
			    role="font" 
			    uri="pkg:/fonts/Uni Sans SemiBold.ttf" 
			    size="28" />
	    </Label>

	    <Label>
	      <Font
	      	id="PurchasePriceLabel"
			    role="font" 
			    uri="pkg:/fonts/Uni Sans Heavy Italic.ttf" 
			    size="44" />
	    </Label>

	    <Label>
	      <Font
	      	id="PurchaseLarge"
			    role="font" 
			    uri="pkg:/fonts/Uni Sans Bold.ttf" 
			    size="48" />
	    </Label>

	    <Label>
	      <Font
	      	id="PurchaseMedium"
			    role="font" 
			    uri="pkg:/fonts/Uni Sans Regular.ttf" 
			    size="36" />
	    </Label> -->


	</children>
</component>