<?xml version = "1.0" encoding = "utf-8" ?> 

<!--********** Copyright 2016 Roku Corp.  All Rights Reserved. **********-->

<component name="PurchaseScreen" extends="BaseSceneFull" initialFocus="continueBtn">

  <interface>
      <field id="content" type="node" alias="packagesList.content" onChange="onPackagesChange" alwaysnotify="true"/>
      <field id="focusedContent" type="node"/>
      <field id="purchasseNavigateBack" type="Boolean" alwaysnotify="true"/>
      <field id="isPurchaseSuccess" type="Boolean" alwaysnotify="true"/>
      <field id="isPreview" type="boolean" alwaysNotify="true" value="false"/>
      <field id="isRegistrationSuccess" type="boolean" alwaysNotify="true" value="false"/>

      <field id="executeCommand" type="string" alwaysnotify="true" onChange="onExecuteCommand"/>
      <field id="visible" type="boolean" alwaysnotify="true" onChange="purchaseInit"/>
      <field id="isPanel" type="boolean" value="false"/>
 
      <!-- **************************** RECTANGLE BACKGROUND **************************** -->

      <field id="backgroundColor" type="color" alias="background.color" value="#111820"/>
      <field id="backgroundWidth" type="float" alias="background.width" value="1920"/>
      <field id="backgroundHeight" type="float" alias="background.height" value="1080"/>
      <field id="backgroundTranslation" type="vector2d" alias="background.translation" value="[0,0]"/>
      <field id="backgroundVisibility" type="boolean" alias="background.visible" value="true"/>

      <!-- **************************** BG POSTER **************************** -->

      <field id="bgPosterWidth" type="float" alias="bgPoster.width" value="2000"/>
      <field id="bgPosterHeight" type="float" alias="bgPoster.height" value="1100"/>
      <field id="bgPosterTranslation" type="vector2d" alias="bgPoster.translation" value="[0,0]"/>
      <field id="bgPosterUri" type="vector2d" alias="bgPoster.uri" value=""/>

      <!-- **************************** Overhang Logo **************************** -->

      <field id="overhangLogoUri" type="" alias="overhangLogo.uri" value=""/>
      <field id="overhangLogoTranslation" type="" alias="overhangLogo.translation" value="[880, 60]"/>
      <field id="overhangLogoVisible" type="" alias="overhangLogo.visible" value="false"/>
      <field id="overhangLogoWidth" type="" alias="overhangLogo.width" value="160"/>
      <field id="overhangLogoHeight" type="" alias="overhangLogo.height" value="50"/>
      <field id="overhangLogoLoadWidth" type="" alias="overhangLogo.loadWidth" value="160"/>
      <field id="overhangLogoLoadDisplayMode" type="" alias="overhangLogo.loadDisplayMode" value="scaleToFit"/>

      <!-- **************************** PURCHASE TEXT 1 **************************** -->

      <field id="purchaseText1Width" type="float" alias="purchaseScreenText1.width" value="1400"/>
      <field id="purchaseText1Height" type="float" alias="purchaseScreenText1.height" value="100"/>
      <field id="purchaseText1HorizAlign" type="string" alias="purchaseScreenText1.horizAlign" value="center"/>
      <field id="purchaseText1VertAlign" type="string" alias="purchaseScreenText1.vertAlign" value="center"/>
      <field id="purchaseText1Translation" type="vector2d" alias="purchaseScreenText1.translation" value="[260,80]"/>
      <field id="purchaseText1Color" type="color" alias="purchaseScreenText1.color" value="#ffffff"/>
      <field id="purchaseText1Visible" type="boolean" alias="purchaseScreenText1.visible" value="true"/>
      <field id="purchaseText1Wrap" type="boolean" alias="purchaseScreenText1.wrap" value="false"/>
      <field id="purchaseScreenText1" type="assocarray" onChange="changeFontBase"/>

      <!-- **************************** PURCHASE TEXT 2 **************************** -->

      <field id="purchaseText2Width" type="float" alias="purchaseScreenText2.width" value="1200"/>
      <field id="purchaseText2Height" type="float" alias="purchaseScreenText2.height" value="50"/>
      <field id="purchaseText2HorizAlign" type="string" alias="purchaseScreenText2.horizAlign" value="center"/>
      <field id="purchaseText2VertAlign" type="string" alias="purchaseScreenText2.vertAlign" value="center"/>
      <field id="purchaseText2Translation" type="vector2d" alias="purchaseScreenText2.translation" value="[360,180]"/>
      <field id="purchaseText2Color" type="color" alias="purchaseScreenText2.color" value="#ffffff"/>
      <field id="purchaseText2Visible" type="boolean" alias="purchaseScreenText2.visible" value="true"/>
      <field id="purchaseText2Wrap" type="boolean" alias="purchaseScreenText2.wrap" value="false"/>
      <field id="purchaseScreenText2" type="assocarray" onChange="changeFontBase"/>

      <!-- **************************** PURCHASE TEXT 3 **************************** -->

      <field id="purchaseText3Width" type="float" alias="purchaseScreenText3.width" value="1400"/>
      <field id="purchaseText3Height" type="float" alias="purchaseScreenText3.height" value="50"/>
      <field id="purchaseText3HorizAlign" type="string" alias="purchaseScreenText3.horizAlign" value="center"/>
      <field id="purchaseText3VertAlign" type="string" alias="purchaseScreenText3.vertAlign" value="center"/>
      <field id="purchaseText3Translation" type="vector2d" alias="purchaseScreenText3.translation" value="[261,231]"/>
      <field id="purchaseText3Color" type="color" alias="purchaseScreenText3.color" value="#ffffff"/>
      <field id="purchaseText3Visible" type="boolean" alias="purchaseScreenText3.visible" value="true"/>
      <field id="purchaseText3Wrap" type="boolean" alias="purchaseScreenText3.wrap" value="false"/>
      <field id="purchaseScreenText3" type="assocarray" onChange="changeFontBase"/>

      <!-- **************************** PURCHASE TEXT 4 **************************** -->

      <field id="purchaseText4Width" type="float" alias="purchaseScreenText4.width" value="1400"/>
      <field id="purchaseText4Height" type="float" alias="purchaseScreenText4.height" value="50"/>
      <field id="purchaseText4HorizAlign" type="string" alias="purchaseScreenText4.horizAlign" value="center"/>
      <field id="purchaseText4VertAlign" type="string" alias="purchaseScreenText4.vertAlign" value="center"/>
      <field id="purchaseText4Translation" type="vector2d" alias="purchaseScreenText4.translation" value="[261,282]"/>
      <field id="purchaseText4Color" type="color" alias="purchaseScreenText4.color" value="#ffffff"/>
      <field id="purchaseText4Visible" type="boolean" alias="purchaseScreenText4.visible" value="true"/>
      <field id="purchaseText4Wrap" type="boolean" alias="purchaseScreenText4.wrap" value="false"/>
      <field id="purchaseScreenText4" type="assocarray" onChange="changeFontBase"/>

      <!-- **************************** PURCHASE TEXT 5 **************************** -->

      <field id="purchaseText5Width" type="float" alias="purchaseScreenText5.width" value="1400"/>
      <field id="purchaseText5Height" type="float" alias="purchaseScreenText5.height" value="50"/>
      <field id="purchaseText5HorizAlign" type="string" alias="purchaseScreenText5.horizAlign" value="center"/>
      <field id="purchaseText5VertAlign" type="string" alias="purchaseScreenText5.vertAlign" value="center"/>
      <field id="purchaseText5Translation" type="vector2d" alias="purchaseScreenText5.translation" value="[261,332]"/>
      <field id="purchaseText5Color" type="color" alias="purchaseScreenText5.color" value="#ffffff"/>
      <field id="purchaseText5Visible" type="boolean" alias="purchaseScreenText5.visible" value="false"/>
      <field id="purchaseText5Wrap" type="boolean" alias="purchaseScreenText5.wrap" value="false"/>
      <field id="purchaseScreenText5" type="assocarray" onChange="changeFontBase"/>

      <!-- **************************** Text Divider  **************************** -->

      <field id="textDividerWidth" type="float" alias="textDivider.width" value="1500"/>
      <field id="textDividerHeight" type="float" alias="textDivider.height" value="2"/>
      <field id="textDividerTranslation" type="vector2d" alias="textDivider.translation" value="[140,201]"/>
      <field id="textDividerColor" type="color" alias="textDivider.color" value="#7c7c7c"/>
      <field id="textDividerVisible" type="boolean" alias="textDivider.visible" value="false"/>
      <field id="textDividerOpacity" type="boolean" alias="textDivider.opacity" value="0.2"/>

      <!-- **************************** PACKAGES LIST **************************** -->

      <field id="packagesListTranslation" type="vector2d" alias="packagesList.translation" value="[400,440]"/>
      <field id="packagesListItemComponentName" type="string" alias="packagesList.itemComponentName" value="packageListItem" />
      <field id="packagesListItemSize" type="vector2d" alias="packagesList.itemSize" value="[1200,600]"/>
      <field id="packagesListNumRows" type="int" alias="packagesList.numRows" value="1"/>
      <field id="packagesListRowItemSize" type="string" alias="packagesList.rowItemSize" value="[[540,460]]"/>
      <field id="packagesListItemSpacing" type="vector2d" alias="packagesList.itemSpacing" value="[0,40]"/>
      <field id="packagesListRowItemSpacing" type="string" alias="packagesList.rowItemSpacing" value="[[75,0]]"/>
      <field id="packagesListRowLabelOffset" type="string" alias="packagesList.rowLabelOffset" value="[[0,20]]"/>
      <field id="packagesListShowRowLabel" type="string" alias="packagesList.showRowLabel" value="[true]"/>
      <field id="packagesListRowLabelColor" type="color" alias="packagesList.rowLabelColor" value="#ffffff"/>
      <field id="packagesListDrawFocusFeedback" type="boolean" alias="packagesList.drawFocusFeedback" value="false"/>
      <field id="packagesListVertFocusAnimationStyle" type="string" alias="packagesList.vertFocusAnimationStyle" value="fixedFocus"/>
      <field id="packagesListRowFocusAnimationStyle" type="string" alias="packagesList.rowFocusAnimationStyle" value="floatingFocus"/>
      <field id="packagesListFocusBitmapUri" type="string" alias="packagesList.focusBitmapUri"/>
      <field id="packagesListFocusBitmapBlendColor" type="color" alias="packagesList.focusBitmapBlendColor"/>  
      <field id="packageListYPos" type="Float" value="400"/>
      <field id="packageListXPos" type="Float" value="60"/>
      
  </interface>

  <script type="text/brightscript" uri="pkg:/components/CED-Roku-Components/purchaseScreen/purchaseEntryScreen.brs" />
  <script type="text/brightscript" uri="pkg:/components/CED-Roku-Components/showDialogBox.brs" />

  <children >
    
    <Rectangle id="background" />
      
    <Poster id="bgPoster" uri="tmp:/purchaseBgImage_FHD.jpg" />

    <Poster id="overhangLogo" />

    <Label 
      id="purchaseScreenText1"
      font="font:LargeBoldSystemFont"
      />

    <Label 
      id="purchaseScreenText2" 
      font="font:MediumSystemFont"
      />

    <Rectangle id="textDivider" />

    <Label 
      id="purchaseScreenText3" 
      font="font:MediumSystemFont"
      />

    <Label 
      id="purchaseScreenText4" 
      font="font:MediumSystemFont"
      />

    <Label 
      id="purchaseScreenText5" 
      font="font:MediumSystemFont"
      />

    <RowList id="packagesList" />

    <KeyboardDialog
      id="EmailDialog"
      visible="false"/>

    <KeyboardDialog
      id="PasswordDialog"
      visible="false"/>

<!--     <SignInPage
      id = "signIn"
      visible = "false"
      translation = "[ 0, 0 ]"
      titleVisibility="false"
      /> -->

    <Dialog
      id="ErrorDialog"
      visible="false"/>

    <ProgressDialog
      id="ProgressDialog"
      visible="false"/>

    <ChannelStore
      id="billing"
      fakeServer="true"
      /><!-- command="getCatalog" -->
  </children>

</component>
