<?xml version="1.0" encoding="utf-8" ?> 
<!--********** Copyright 2016 Roku Corp.  All Rights Reserved. **********--> 

<!-- main node which handles welcome screen -->

<component name="contentMenu" extends="BaseScene" >
	<interface>
   	<field id="content" type="node" alwaysnotify="true" alias="contentMenu.content" onChange="onContentChanged"/>
   	<field id="itemSelected" type="node" value="" alwaysnotify="true"/>
   	<field id="itemFocused" type="integer" alias="contentMenu.itemFocused"/>
   	<field id="focused" type="boolean" onChange="onFocusedChanged" alwaysNotify="true"/>

  </interface>

  <script type="text/brightscript" uri="pkg:/components/CED-Roku-Components/contentMenu/contentMenu.brs" />
    
  <children>

  	<markupGrid  
        id="contentMenu"
 	    translation="[ 685, 70 ]" 
	    itemComponentName="contentMenuItem" 
	    numColumns="26" 
	    numRows="1" 
	    itemSize="[ 275, 70 ]" 
	    itemSpacing="[0,0]"
	    horizFocusAnimationStyle="floatingFocus"
	    drawFocusFeedback="false"/>

	<Group id = "contentCursor" opacity = "0.0" >
	    <Rectangle
	    	id="cur1" 
	       	width = "550" 
	        height = "5" 
	        color = "#FF0000"
	        translation = "[ 685, 70 ]" />
	    <Rectangle 
	    	id="cur2" 
	        width = "5" 
	        height = "70" 
	        color = "#FF0000"
	        translation = "[ 685, 70 ]" />
	    <Rectangle 
	    	id="cur3" 
	        width = "5" 
	        height = "70" 
	        color = "#FF0000"
	        translation = "[ 1230, 70 ]" />
	    <Rectangle 
	    	id="cur4" 
	        width = "550" 
	        height = "5" 
	        color = "#FF0000"
	        translation = "[ 685, 135 ]" />
	</Group>

    </children>
</component>