[
	{
		"requireSubscription" : false,
		"name" : "homeC",
		"image" : "",
		"id" : "home",
		"ads": false,
		"display": "grid",
		"type": "vod",
		"dataSource" : "",
		"contentCategories" : [
			{
				"name" : "",
				"description" : "",
				"feed" : "",
				"dataSource" : "home",
				"id" : "dynamicLead"
			},
			{
				"name" : "featuredVideosC",
				"description" : "",
				"feed" : "",
				"dataSource" : "home",
				"id" : "featuredVideos"
			},
			{
				"name" : "liveEventsC",
				"description" : "",
				"feed" : "",
				"dataSource" : "home",
				"id" : "liveEvents"
			},
			{
				"name" : "latestVideosC",
				"description" : "",
				"feed" : "",
				"dataSource" : "home",
				"id" : "latestVideos"
			}
		]
	},
	{
		"requireSubscription" : false,
		"name" : "liveEventsC",
		"feed": "live-events",
		"image" : "",
		"id" : "liveevents",
		"ads": false,
		"display": "list",
		"type": "vod",
		"dataSource" : "base",
		"contentCategories" : [
		]
	},
	{
		"requireSubscription" : false,
		"name" : "onDemandC",
		"image" : "",
		"id" : "ondemand",
		"ads": false,
		"type": "vod",
		"dataSource" : "",
		"menuCategories" : [
			{
				"name" : "eventReplaysC",
				"feed" : "event-replays",
				"id" : "eventReplays",
				"display" : "list",
				"type": "vod",
				"dataSource" : "base",
				"subMenuItem": "true",
				"contentCategories" : [
				]
			},
			{
				"name" : "featuredC",
				"feed" : "featured",
				"id" : "featured",
				"display" : "grid",
				"type": "vod",
				"dataSource" : "base",
				"subMenuItem": "true",
				"contentCategories" : [
				]
			},
			{
				"name" : "originalsC",
				"feed" : "originals",
				"id" : "originals",
				"display" : "grid",
				"dataSource" : "base",
				"subMenuItem": "true",
				"contentCategories" : [
				]
			}
		]
	},
	{
		"requireSubscription" : false,
		"name" : "searchC",
		"image" : "searchIcon.png",
		"id" : "search",
		"display" : "grid",
		"ads": false,
		"type": "vod",
		"dataSource" : "solr",
		"contentCategories" : [
			{
				"name" : "resultsC",
				"feed" : "search",
				"dataSource" : "base",
				"id" : ""
			}
		]
	},

	{
		"requireSubscription" : false,
		"name" : "settingsC",
		"image" : "settingsIcon.png",
		"id" : "settings",
		"ads": false,
		"type": "Rendezvous",
		"dataSource" : "",
		"contentCategories" : [
			{
				"name" : "mySubscriptionC",
				"description" : "mySubscriptionD",
				"feed" : "",
				"dataSource" : "",
				"id" : "mysubscription"
			},
			{
				"name" : "helpC",
				"description" : "helpD",
				"feed" : "",
				"dataSource" : "",
				"id" : ""
			},
			{
				"name" : "faqC",
				"description" : "faqD",
				"feed" : "",
				"dataSource" : "",
				"id" : ""
			},
			{
				"name" : "tosC",
				"description" : "tosD",
				"feed" : "",
				"dataSource" : "",
				"id" : ""
			},
			{
				"name" : "privacyPolicyC",
				"description" : "privacyPolicyD",
				"feed" : "",
				"dataSource" : "",
				"id" : ""
			},
			{
				"name" : "versionNumberC",
				"description" : "versionNumberD",
				"feed" : "",
				"dataSource" : "",
				"id" : "versionNumber"
			}
		]
	}

]
