
{
    
    "components": {
        "settings" :{
            "title"                         : "Settings",
            "signOutButtonText"             : "Sign Out",
            "subscribeButtonText"           : "SUBSCRIBE",
            "settingScreenDescription"      : "Current ViYou subscribers link your account now to start watching",
            "signInButtonText"              : "Sign In",
            "isVIPLabel"                    : "VIP"
            
        },
        
        "signIn": {
            "forgotPasswordText"            : "Forgot Password?",
            "resetPasswordText"             : "Go to ViYou.com to reset your password",
            "signInButtonOption"            : "Sign In",
            "submitButtonOption"            : "Submit",
            "emailTitle"                    : "EMAIL ADDRESS",
            "passwordTitle"                 : "PASSWORD",
            "title"                         : "SIGN IN",
            "descriptionText"               : "",

            "emptyUnamePassErrorMsg"        : "Email and password can not be empty.  Please provide a valid email and password",    
            "logInErrorMsg"                 : "Invalid email and/or password. Please try again",
            "loginfailedErrorMsg"           : "Invalid email and/or password. Please try again",
            "loginnotfoundErrorMsg"         : "Invalid email and/or password. Please try again",        
            "logindisabledErrorMsg"         : "This account is currently disabled.  Please contact customer support.",
            "loginlockedErrorMsg"           : "This account is currently locked.  Please contact customer support ",
            "loginexpiredErrorMsg"          : "This account has expired. Please contact customer support",
            "failedlimitErrorMsg"           : "Your account has reached the maximum number of linked devices.  Please unlink 1 or more devices.",
            "usernameText"                  : "Email Address"

        },

        "search" : {
            "title" : "Search"
        },

        "scroll" : {
            "scrollUpDownText"              : "Scroll Up/Down",
            "pageUpDownText"                : "Page Up/Down"
        },

        "rendezvous" : {
            "goTo"                          : "GO TO:",
            "enterCode"                     : "ENTER CODE:",
            "linkDeviceHeader"              : "Link Your Device",
            "linkDeviceSubHeader"           : "Go to the website, sign in and enter the code below. After signing in, this page will automatically refresh. ",
            "linkDeviceUrl"                 : "ViYou.com/devicereg",
            "subscribeSubHeader"            : "Don't have a subscription? Go to ViYou.com subscribe now.",

            "mvpdRegCodeText"               : "Retrieving Code...",
            "awaitingSignInText"            : "Awaiting Account Linking ",
            "confirmedLabel"                : "Confirmed"

        },

        "details" : {
            "related"                       : "Related",
            "eventVideo"                    : "Event Video",
            "watch"                         : "Watch",
            "watchLive"                     : "Watch Live",
            "signInToWatch"                 : "Sign In To Watch",
            "signInToWatchLive"             : "Sign In To Watch Live",
            "upcoming"                      : "Upcoming",
            "purchase"                      : "Purchase",
            "blackoutLabel"                 : "",
            "watchOnLabel"                  : "",
            "liveLabel"                     : "Live",
            "blackOutErrorMsg"              : ""

        },

        "personalization" : {
            "addLabel"                      : "Add",
            "addedLabel"                    : "Added",
            "favoriteLabel"                 : "Favorite",
            "favoritedLabel"                : "Favorited",
            "removedFrom"                   : "Removed From ",
            "addedTo"                       : "Added to ",
            "favoriteQueue"                 : "Favorites",
            "personalizationQueue"          : "Watchlist"
        },

        "content" : {

        },

        "video" : {
            "upNextMsg"                     : "Video will play in",
            "upNextLabel"                   : "UP NEXT",
            "PlaybackFailedTitle"           : "Video Playback Error",       
            "PlaybackFailedMsg"             : "An error occurred while trying to play this video, please try again.  If this problem persists, please restart your roku player by unplugging it from the power source and plugging it back in again"
        },

        "purchase" : {

            "PurchaseScreenText1"           : "SUBSCRIBE TO ViYou. CHOOSE A PLAN:",
            "PurchaseScreenText2"           : "Why ViYou?",
            "PurchaseScreenText3"           : "Watch ViYou® live and on demand! You don't need cable!",       
            "PurchaseScreenText4"           : "Watch 2,000+ hours of current hits, classics and ViYou Originals",

            "PurchaseEmailTitle"            : "Create ViYou Account - Email",
            "PurchasePasswordTitle"         : "Create ViYou Account - Password",
            "TogglePasswordButton"          : "Show / Hide Password",
            "failedToLoadPackagesMsg"       : "There are no packages available at this time."
        },

        "countDownTimer" : {
            "days"                          : ["DAY", "DAYS"],
            "hours"                         : ["HR", "HRS"],
            "minutes"                       : ["MIN", "MINS"],
            "seconds"                       : ["SEC", "SECS"]
        }
    },

    "library" : {
        "appTitle"                  : "ViYou",
        "months"                    : ["Jan", "Feb", "Mar", "Apr", "May", "Jun", "Jul", "Aug", "Sep", "Oct", "Nov", "Dec"],
        "tzText"                    : "ET",

        "emptyListTextMessage"      : "There are no highlights for your selection",
        "emptySearchResultMsg"      : "Your search didn't have any results.",
        "emptyContinueListMsg"      : "You haven't started watching any shows. Start now!",
        "emptyWatchListMsg"         : "Your Watch List is empty. Add shows by clicking the '+' button",

        "dialog" : {
            "regionErrorDialog" : {
                "title"     : "Location Error",
                "msg"       : "{0} is not currently available in your region. Please contact customer support for more information",
                "buttons"   : ["closeButtonOption"]
            },

            "exitConfirmationDialog" : {
                "title"     : "Exit {0}",
                "msg"       : "Are you sure you want to exit {0}?",
                "buttons"   : ["yesButtonOption", "noButtonOption"]
            }
        }

    },

    "misc" : {
        "buttonOptions" : {

            "aboutButtonOption"                 : "About",
            "backButtonOption"                  : "Back",
            
            "signInButtonOption"                : "Sign In",
            "signOutButtonOption"               : "Sign Out",

            "cancelButtonOption"                : "Cancel",
            "cancelSignOutButtonOption"         : "Cancel Sign Out",
            
            "closeButtonOption"                 : "Close",
            "closeChannelButtonOption"          : "Close Channel",
            
            "okButtonOption"                    : "OK",
            "enterButtonOption"                 : "Enter",
            "refreshButtonOption"               : "Refresh",
            "nextButtonOption"                  : "Next",
            "exitButtonOption"                  : "Exit",
            "purchaseButtonOption"              : "Purchase",
            "tryAgainButtonOption"              : "Try Again",

            "yesButtonOption"                   : "Yes",
            "noButtonOption"                    : "No",
            
            "selectPlanButtonOption"            : "PURCHASE",
            "purchaseTvSignInOption"            : "SIGN IN",

            "subscribeButtonOption"             : "Subscribe",
            
            "playButtonOption"                  : "Play",
            "playButtonOptionUc"                : "PLAY",
            "continueButtonOption"              : "Continue",
            "settingsButtonOption"              : "Settings",

            "resumeButtonOption"                : "Resume",
            "playFromBeginingButtonOption"      : "Play from beginning",
            "searchButtonOption"                : "Search"


        },

        "dialog" :{
            "publishPointErrorDialog" : {
                "title"     : "Content Not Available",
                "msg"       : "The video playback URL is not currently available. Please try again later",
                "buttons"   : ["closeButtonOption"]
            },
            
            "playBackErrorDialog" : {
                "title"     : "Video Playback Error",
                "msg"       : "An error occurred while trying to play this video, please try again.  If this problem persists, please restart your roku player by unplugging it from the power source and plugging it back in again",
                "buttons"   : ["closeButtonOption"]
            },

            "resumePoint" : {
                "title"     : "Video Previously Viewed",
                "msg"       : "Please select an option from the menu below:",
                "buttons"   : ["resumeButtonOption", "playFromBeginingButtonOption", "cancelButtonOption"]
            },

            "signOut" : {
                "title"     : "Sign Out Confirmation",
                "msg"       : "Are you sure you want to sign out?",
                "buttons"   : ["signOutButtonOption", "cancelButtonOption"]
            },

            "rendezvousRefresh" :{
                "title"     : "Device Link Error",
                "msg"       : "We encountered an error when linking your device to your account.  Please log in to your account again.",
                "buttons"   : ["tryAgainButtonOption", "cancelButtonOption"]
            },

            "rendezvousProgressDialog" : {
                "title"     : "You have successfully linked your Cable TV Provider!"
            },

            "rendezvousFailureDialog" : {
                "title"     : "Cable TV Sign In Error",
                "msg"       : "Your activation code has expired. Please click below to generate a new code.",
                "buttons"   : ["tryAgainButtonOption", "cancelButtonOption"]

            },

            "rendezvousRegCodeFailureDialog" : {
                "title"     : "Device Link Error",
                "msg"       : "Failure when loading device registration code, please check your network and try again.",
                "buttons"   : ["tryAgainButtonOption", "cancelButtonOption"]
            },

            "invalidPaymentDialog" : {
                "title"     : "Payment Method Error",
                "msg"       : "Your Roku payment method is no longer valid. Please update your Roku account to ensure you have a valid payment method.",    
                "buttons"   : ["okButtonOption"]
            },

            "itemPurchasedDialog" : {
                "title"     : "Purchase Error",
                "msg"       : "You've already subscribed to this package. If you need further help with your subscription, please contact customer support",        
                "buttons"   : ["okButtonOption"]

            },

            "registerSuccessDialog" : {
                "title"     : "Registration Successful",
                "msg"       : "Your account was successfully created.",
                "buttons"   : ["okButtonOption"]

            },

            "registerUserErrorDialog" : {
                "title"     : "Registration Error",
                "msg"       : "We were unable to create your account at this time.  Please try again or contact customer support for assistance.",
                "buttons"   : ["okButtonOption"]
                
            },

            "registerUserLinkErrorDialog" : {
                "title"     : "Registration Error",
                "msg"       : "Your account was created but unable to be linked, please contact customer service or try linking again through Settings.",   
                "buttons"   : ["okButtonOption"]

            },

            "generalPurchaseDialog" : {
                "title"     : "Registration Error",
                "msg"       : "We were unable to complete your purchase at this time.  Please try again.",
                "buttons"   : ["okButtonOption"]

            },

            "registerUserLinkSuccessDialog" : {
                "title"     : "Sign In",
                "msg"       : "The ViYou account was successfully created, but no subscription was purchased.",
                "buttons"   : ["okButtonOption"]

            },

            "transactionFailedErrorDialog" :{
                "title"     : "We could not process your transaction.  Please try again.",
                "msg"       : "Your account was successfully created but we could not complete your purchase at this time.  Please check the payment method associated with your Roku account.  ",
                "buttons"   : ["okButtonOption"]

            },

            "purchasePaymentFailedErrorDialog" :{
                "title"     : "We could not process your transaction.  Please try again.",
                "msg"       : "We could not complete your purchase at this time.  Please check the payment method associated with your Roku account.  ",
                "buttons"   : ["closeButtonOption"]
                
            },

            "deviceNotLinkedErrorDialog" :{
                "title"     : "Sign In",
                "msg"       : "Please sign in and link your device  ",
                "buttons"   : ["signInButtonOption","closeButtonOption"]
                
            },
            
            "generalPurchaseErrorDialog" :{
                "title"     : "We could not process your transaction.  Please try again.",
                "msg"       : "We were unable to complete your purchase at this time.  Please try again.",
                "buttons"   : ["okButtonOption"]

            },

            "transactionSuccessDialog" :{
                "title"     : "Purchase complete. Enjoy watching {0}!",
                "msg"       : "Purchase complete. Enjoy watching {0}!",     
                "buttons"   : ["okButtonOption"]
            },

            "RecordPurchaseFailedErrorDialog" :{
                "title"     : "Purchase Error",
                "msg"       : "Your purchase was completed but could not be recorded at this time, please contact Roku for a refund",
                "buttons"   : ["okButtonOption"]

            },

            "emailValidationDialog" :{
                "title"     : "Invalid Email",
                "msg"       : "Please enter a valid email (eg: user@domain.com)",
                "buttons"   : ["okButtonOption"]

            },
            
            "emptyEmailErrorDialog" :{
                "title"     : "Invalid Email",
                "msg"       : "Please provide an email address",
                "buttons"   : ["okButtonOption"]
            },

            "passwordValidationDialog" :{
                "title"     : "Invalid Password",
                "msg"       : "Please provide a valid password. The password must be a minimum of 6 characters and maximum of 16 with no spaces",
                "buttons"   : ["okButtonOption"]

            },
            
            "emptyPasswordErrorDialog" :{
                "title"     : "Invalid Password",
                "msg"       : "Please enter a password",
                "buttons"   : ["okButtonOption"]
            },


            "AccountValidationDialog" :{
                "title"     : "Registration Error",
                "msg"       : "This email already exists in our records. Please enter a different email address or sign in.",
                "buttons"   : ["okButtonOption"]

            },

            "confirmPurchaseDialog" :{
                "title"     : "Confirm Purchase",
                "msg"       : "Confirm purchase of {0} subscription for {1}{2} ",
                "buttons"   : ["purchaseButtonOption", "cancelButtonOption"]
            },


            "contentNotAvailableDialog" : {
                "title"     : "Content Not Available",
                "msg"       : "The video playback URL is not currently available. Please try again later",
                "buttons"   : ["closeButtonOption"]
            },

            "notAvailableDialog" : {
                "title"     : "Content Not Available",
                "msg"       : "This content is not available, please come back later.",
                "buttons"   : ["closeButtonOption"]
            },

            "deepLinkErrorDialog" : {
                "title"     : "Content Not Available",
                "msg"       : "This content is not currently available. Please try again later.",
                "buttons"   : ["closeButtonOption"]
            },

            "noSubscriptionErrorDialog" : {
                "title"     : "Authentication Failed",
                "msg"       : "You do not have a subscription to watch this content, please purchase a subscription.",
                "buttons"   : ["closeButtonOption"]
            }

        },

        "utilities": {
            "loadMoreLabel"         : "LOAD MORE",
            "loadingLabel"          : "Loading"
        }
    },

    "analytics" : {
        "google" : {},
        "adobe"  : {},
        "nl"     : {},
        "roku"   : {}
    },

    "categories" :{

        "names" : {
            "continueWatchingC"                 : "Continue Watching",
            "collectionsC"                      : "Collections",
            "emailUsC"                          : "Email Us",
            "eventReplaysC"                     : "Event Replays",
            "eventResultC"                      : "Event Result",
            "favoritesC"                        : "Favorites",
            "faqC"                              : "FAQ",
            "featuredC"                         : "Featured",
            "featuredVideosC"                   : "Featured Videos",
            "helpC"                             : "Help",
            "homeC"                             : "Home",
            "justAddedC"                        : "Just Added",
            "latestVideosC"                     : "Latest Videos",
            "latestC"                           : "The Latest",
            "liveEventsC"                       : "Live Events",
            "mySubscriptionC"                   : "My Subscription",
            "myQueueC"                          : "My Queue",
            "myVideosC"                         : "My Videos",
            "onDemandC"                         : "On Demand",
            "organizationsC"                    : "Organizations",
            "originalsC"                        : "Originals",
            "pastC"                             : "PAST",
            "privacyPolicyC"                    : "Privacy Policy",
            "recommendedC"                      : "Recommended For You",
            "resultsC"                          : "Results",
            "searchC"                           : "Search",
            "settingsC"                         : "Settings",
            "showsC"                            : "Shows",
            "tosC"                              : "Terms Of Use",
            "upcomingC"                         : "UPCOMING",
            "vaultC"                            : "Vault",
            "viewHistoryC"                      : "View History",
            "versionNumberC"                    : "Version Number"
        },

        "description" : {
                    
            "eventResultD"                      : "Show >",
            "emailUsD"                          : "ViYousupport@viyou.com",
            "faqD"                              : "ViYou.com/faq",
            "helpD"                             : "Support@ViYou.com",
            "mySubscriptionD"                   : "Subscribe now at ViYou.com",
            "privacyPolicyD"                    : "ViYou.com/privacy",
            "subscribeD"                        : "Subscribe Now",
            "tosD"                              : "ViYou.com/tos",
            "versionNumberD"                    : ""
        }

    },

    "appSpecific" : {

        "home"               : {},
        "extendedSettings"   : {},
        "buildScene"         : {},
        "subscriptionDialog" : {
            "subscriptionRequiredText"  : "Subscription Required",
            "subscriptionSubHeader1"    : "This video is only available to subscribers. Subscribers link your account now.",
            "subscriptionSubHeader2"    : "If you don't have a subscription go to ViYou.com now to subscribe and unlock this video, plus more great features and content.",

            "NotAvailableTitle"         : "Content Not Available",
            "NotAvailableMsg"           : "This content is not available, please come back later.",

            "regionCheckErrorMsg"       : "{0} is not currently available in your region. Please contact customer support for more information.",
            "deepLinkErrorTitle"        : "This content is not currently available. Please try again later.",
            "regionCheckTitle"          : "Unsupported Region"
        }

    }

}