{
  "_": "_",
  "id": 811,
  "seoName": "FEATURED",
  "extId": "",
  "name": "FEATURED",
  "description": "It's the best of what We have to offer.  Save yourself the grind and check out what's hot.",
  "image": "811_es.jpg",
  "releaseDate": "2013-08-07T00:00:00.000",
  "releaseDateGMT": "2013-08-07T04:00:00.000",
  "programCount": 14,
  "style": "#420098",
  "seo": {
    "title": "Featured Videos",
    "description": "The Best evenets happeniong all around the world.",
    "keywords": "best content,events,world"
  },
  "subCategories": [
    {
      "id": 1627,
      "seoName": "featured-events",
      "name": "Category Name",
      "description": "Watch the highlights from the Poker After Dark series.",
      "image": "",
      "releaseDate": "2019-01-23T00:00:00.000",
      "isLeaf": true,
      "style": ""
    },
    {
      "id": 1387,
      "seoName": "featured-events",
      "name": "Category Name",
      "description": "Watch the latest from Beyond the Rail.",
      "image": "",
      "releaseDate": "2018-10-15T12:00:00.000",
      "isLeaf": true,
      "style": ""
    },
    {
      "id": 1366,
      "seoName": "featured-events",
      "name": "Category Name",
      "description": "Episode Description",
      "image": "",
      "releaseDate": "2018-09-17T12:00:00.000",
      "isLeaf": true,
      "style": ""
    },
    {
      "id": 1367,
      "seoName": "featured-events",
      "name": "Category Name",
      "description": "Episode Description",
      "image": "",
      "releaseDate": "2018-09-06T00:00:00.000",
      "isLeaf": true,
      "style": ""
    },
    {
      "id": 1368,
      "seoName": "featured-events",
      "name": "Category Name",
      "description": "Episode Description",
      "image": "",
      "releaseDate": "2018-07-23T12:00:00.000",
      "isLeaf": true,
      "style": ""
    },
    {
      "id": 1224,
      "seoName": "featured-events",
      "name": "Category Name",
      "description": "Episode Description",
      "image": "",
      "releaseDate": "2018-05-10T12:00:00.000",
      "isLeaf": true,
      "style": ""
    }
  ]
}