{
  "id": 87077,
  "name": "DOLLY'S GAME",
  "seoName": "Episode Name",
  "description": "The Godfather and other high stakes greats anchor the cash game action.",
  "image": "2019/01/03/87077_es.jpg",
  "runtime": "0:00",
  "runtimeHours": "0:00",
  "liveState": 0,
  "beginDateTime": "2019-02-04T18:00:00.000",
  "beginDateTimeGMT": "2019-02-04T23:00:00.000",
  "endDateTimeGMT": "2019-02-05T07:00:00.000",
  "location": "Las Vegas, NV",
  "venue": "ARIA Resort & Casino",
  "extId": "2019020401",
  "extUrl": "",
  "bigImage": "2019/01/03/87077_eb.jpg",
  "share": true,
  "eventId": "87077",
  "contentProvider": "",
  "seo": {
    "title": "Example Title",
    "description": "Example description",
    "keywords": "Cash Game,DG,Mixed"
  },
  "tags": [
    "Cash Game",
    "DG",
    "Mixed"
  ],
  "purchaseTypeId": "20",
  "relatedKeyword": [
    {
      "id": 79101,
      "name": "Related Episode Name",
      "seoName": "featureevents",
      "description": "Watch every minute of action from the second.",
      "image": "2018/10/01/79101_es.jpg",
      "runtime": "342",
      "releaseDate": "2019-01-23T18:00:00.000",
      "purchaseTypeId": "20",
      "purchasable": true,
      "location": "Las Vegas, NV",
      "venue": "ARIA Resort & Casino",
      "eventId": "79101"
    }
  ]
}