{
  "_": "",
  "navigation": [
    {
      "type": "8",
      "typeId": "",
      "name": "LIVE EVENTS",
      "link": "category/live-events"
    },
    {
      "type": "8",
      "typeId": "",
      "name": "ON DEMAND",
      "link": "category/videos"
    }
  ],
  "dynamicLead": [
    {
      "id": "3990",
      "type": "1",
      "title": "Main title",
      "description": "Watch every minute of action from the first Poker After Dark session of 2019! Matt Berkey, Justin Young, Anthony Alberto, Adrian Attenborough, Sean Winter, Ralph Wong, and Chris Hunichen square off in this \"$25K Elevator\" hybrid cash game.",
      "subTitle": "",
      "template": "",
      "platform": "15",
      "link": "",
      "style": "",
      "program": {
        "id": 79102,
        "name": "Episode Name",
        "seoName": "poker-after-dark-25k-elevator-day1",
        "description": "Watch every minute of action from the first Poker After Dark session of 2019! Matt Berkey, Justin Young, Anthony Alberto, Adrian Attenborough, Sean Winter, Ralph Wong, and Chris Hunichen square off in this \"$25K Elevator\" hybrid cash game.",
        "runtime": "351",
        "runtimeHours": "5:50:57",
        "eventId": "79102",
        "releaseDate": "2019-01-22T18:00:00.000",
        "purchaseTypeId": "20",
        "purchasable": true,
        "programPurchases": []
      }
    },
    {
      "id": "3970",
      "type": "1",
      "title": "STORIES FROM THE FELT | HOW TO LOSE",
      "description": "To be a professional poker player, you have to be very good at losing. Danielle Andersen, Scott Seiver, Ali Nejad, and Daniel Negreanu share their experiences and tell their stories from the felt.",
      "subTitle": "",
      "template": "",
      "platform": "15",
      "link": "",
      "style": "",
      "program": {
        "id": 87920,
        "name": "Episode Name",
        "seoName": "stories-from-the-felt--how-to-lose",
        "description": "To be a professional poker player, you have to be very good at losing. Danielle Andersen, Scott Seiver, Ali Nejad, and Daniel Negreanu share their experiences and tell their stories from the felt.",
        "runtime": "5:40",
        "runtimeHours": "5:40",
        "releaseDate": "2019-01-14T09:00:00.000",
        "purchaseTypeId": "20",
        "purchasable": true,
        "programPurchases": []
      }
    },
    {
      "id": "3950",
      "type": "1",
      "title": "DOLLY'S GAME | $100K 2-7 NL SINGLE DRAW | DAY 1",
      "description": "Old school legends, PokerGO's newest show. Relive the 2-7 NL Single Draw action and the Dolly's Game debut with Doyle Brunson, Lyle Berman, Billy Baxter, Shawn Sheikhan, Majid Yahyaei, and Ron Kirk now.",
      "subTitle": "",
      "template": "",
      "platform": "15",
      "link": "",
      "style": "",
      "program": {
        "id": 86971,
        "name": "Episode Name",
        "seoName": "dollys-game-100k-2-7-nl-single-draw-day1",
        "description": "Old school legends, PokerGO's newest show. Relive the 2-7 NL Single Draw action and the Dolly's Game debut with Doyle Brunson, Lyle Berman, Billy Baxter, Shawn Sheikhan, Majid Yahyaei, and Ron Kirk now.",
        "runtime": "362",
        "runtimeHours": "6:02:00",
        "eventId": "86971",
        "releaseDate": "2019-01-07T18:00:00.000",
        "purchaseTypeId": "20",
        "purchasable": true,
        "programPurchases": []
      }
    }
  ],
  "liveEvents": [
    {
      "id": 87077,
      "name": "Episode Name",
      "seoName": "dollys-game-feb4-2019",
      "description": "The legendary Doyle Brunson brings Mixed Games to PokerGO on Dolly's Game. \"The Godfather of Poker\" and other high stakes greats anchor the cash game action.",
      "image": "2019/01/03/87077_es.jpg",
      "runtime": "0:00",
      "liveState": 0,
      "beginDateTime": "2019-02-04T18:00:00.000",
      "beginDateTimeGMT": "2019-02-04T23:00:00.000",
      "endDateTimeGMT": "2019-02-05T07:00:00.000",
      "purchaseTypeId": "20",
      "location": "Las Vegas, NV",
      "venue": "ARIA Resort & Casino"
    }
  ],
  "menus": [
    {
      "type": "0",
      "typeId": "808",
      "name": "FEATURED VIDEOS",
      "category": {
        "id": 808,
        "seoName": "FEATURED-VIDEOS",
        "name": "Featured Videos",
        "description": "Featured Videos",
        "image": "",
        "releaseDate": "2013-08-07T00:00:00.000",
        "style": "",
        "programs": [
          {
            "id": 87924,
            "name": "Episode Name",
            "seoName": "stories-from-the-felt--norm-and-lon",
            "description": "When poker exploded in the early 2000s, two voices instantly became synonymous with ESPN's World Series of Poker coverage. Norman Chad and Lon McEachern tell their stories from the felt.",
            "image": "2019/01/11/87924_es.jpg",
            "runtime": "11:19",
            "runtimeHours": "11:19",
            "releaseDate": "2019-01-14T09:00:00.000",
            "purchaseTypeId": 20
          },
          {
            "id": 79102,
            "name": "Episode Name",
            "seoName": "poker-after-dark-25k-elevator-day1",
            "description": "Watch every minute of action from the first Poker After Dark session of 2019! Matt Berkey, Justin Young, Anthony Alberto, Adrian Attenborough, Sean Winter, Ralph Wong, and Chris Hunichen square off in this \"$25K Elevator\" hybrid cash game.",
            "image": "2018/10/01/79102_es.jpg",
            "runtime": "351",
            "runtimeHours": "5:50:57",
            "releaseDate": "2019-01-22T18:00:00.000",
            "purchaseTypeId": 20
          },
          {
            "id": 87919,
            "name": "Episode Name",
            "seoName": "stories-from-the-felt--how-they-deal",
            "description": "Poker players are programmed to deal with the ups and downs of the game, but how do they stay balanced in life? Brandon Shack-Harris, Danielle Andersen, Daniel Negreanu, and more tell their stories from the felt.",
            "image": "2019/01/11/87919_es.jpg",
            "runtime": "7:11",
            "runtimeHours": "7:11",
            "releaseDate": "2019-01-14T09:00:00.000",
            "purchaseTypeId": 20
          },
          {
            "id": 72408,
            "name": "Episode Name",
            "seoName": "poker-after-dark-godfather-day1",
            "description": "Relive Poker After Dark's mixed game debut with $1,500/$3,000 H.O.R.S.E. and 2-7 Triple Draw action! Doyle Brunson, Gus Hansen, Brian Rast, Scott Seiver, Bryn Kenney, Jared Bleznick, and Billy O'Neil headline the first night of \"Godfather\" week!",
            "image": "2018/08/15/72408_es.jpg",
            "runtime": "357",
            "runtimeHours": "5:56:30",
            "releaseDate": "2018-10-23T18:00:00.000",
            "purchaseTypeId": 20
          },
          {
            "id": 57734,
            "name": "Episode Name",
            "seoName": "super-high-roller-club--phil-hellmuth",
            "programCode": "",
            "description": "There are high rollers and then there are Super High Rollers. Join Ali Nejad on a trip to the Super High Roller Club, where Phil Hellmuth awaits. The 14-time WSOP winner has been poker's golden boy for decades, but 'The Poker Brat' accessorizes with more than just bracelets.",
            "image": "2018/02/22/57734_es.jpg",
            "runtime": "8:32",
            "runtimeHours": "8:32",
            "releaseDate": "2018-02-26T12:00:00.000",
            "purchaseTypeId": 20
          },
          {
            "id": 86971,
            "name": "Episode Name",
            "seoName": "dollys-game-100k-2-7-nl-single-draw-day1",
            "description": "Old school legends, PokerGO's newest show. Relive the 2-7 NL Single Draw action and the Dolly's Game debut with Doyle Brunson, Lyle Berman, Billy Baxter, Shawn Sheikhan, Majid Yahyaei, and Ron Kirk now.",
            "image": "2019/01/02/86971_es.jpg",
            "runtime": "362",
            "runtimeHours": "6:02:00",
            "releaseDate": "2019-01-07T18:00:00.000",
            "purchaseTypeId": 20
          }
        ]
      }
    },
    {
      "type": "2",
      "typeId": "",
      "name": "LATEST VIDEOS",
      "programs": [
        {
          "id": 89130,
          "name": "Episode Name",
          "seoName": "poker-after-dark-recap-67",
          "description": "Relive the biggest hands from the first Poker After Dark session of 2019! Matt Berkey, Justin Young, Anthony Alberto, Adrian Attenborough, Sean Winter, Ralph Wong, and Chris Hunichen square off in this '$25K Elevator' hybrid cash game.",
          "image": "2019/01/24/89130_es.jpg",
          "runtime": "23:39",
          "runtimeHours": "23:39",
          "releaseDate": "2019-01-24T12:00:00.000",
          "purchaseTypeId": 20
        },
        {
          "id": 79101,
          "name": "Episode Name",
          "seoName": "poker-after-dark-25k-elevator-day2",
          "description": "Watch every minute of action from the second Poker After Dark session of 2019! Matt Berkey, Justin Young, Anthony Alberto, Adrian Attenborough, Sean Winter, and Ralph Wong square off in this \"$25K Elevator\" hybrid cash game.",
          "image": "2018/10/01/79101_es.jpg",
          "runtime": "342",
          "runtimeHours": "5:41:45",
          "releaseDate": "2019-01-23T18:00:00.000",
          "purchaseTypeId": 20
        },
        {
          "id": 89062,
          "name": "Episode Name",
          "seoName": "poker-after-dark-recap-66",
          "description": "Relive the biggest hands from the first Poker After Dark session of 2019! Matt Berkey, Justin Young, Anthony Alberto, Adrian Attenborough, Sean Winter, Ralph Wong, and Chris Hunichen square off in this '$25K Elevator' hybrid cash game.",
          "image": "2019/01/23/89062_es.jpg",
          "runtime": "28:16",
          "runtimeHours": "28:16",
          "releaseDate": "2019-01-23T12:00:00.000",
          "purchaseTypeId": 20
        },
        {
          "id": 79102,
          "name": "Episode Name",
          "seoName": "poker-after-dark-25k-elevator-day1",
          "description": "Watch every minute of action from the first Poker After Dark session of 2019! Matt Berkey, Justin Young, Anthony Alberto, Adrian Attenborough, Sean Winter, Ralph Wong, and Chris Hunichen square off in this \"$25K Elevator\" hybrid cash game.",
          "image": "2018/10/01/79102_es.jpg",
          "runtime": "351",
          "runtimeHours": "5:50:57",
          "releaseDate": "2019-01-22T18:00:00.000",
          "purchaseTypeId": 20
        },
        {
          "id": 87923,
          "name": "Episode Name",
          "seoName": "stories-from-the-felt--steve-albini-cashes-in",
          "description": "Legendary music producer Steve Albini has worked with some of the world's biggest bands and played with some of poker's best over the last few decades before winning WSOP gold in 2018. Albini and Brandon Shack-Harris tell their stories from the felt.",
          "image": "2019/01/11/87923_es.jpg",
          "runtime": "12:33",
          "runtimeHours": "12:33",
          "releaseDate": "2019-01-14T12:00:00.000",
          "purchaseTypeId": 20
        },
        {
          "id": 87924,
          "name": "Episode Name",
          "seoName": "stories-from-the-felt--norm-and-lon",
          "description": "When poker exploded in the early 2000s, two voices instantly became synonymous with ESPN's World Series of Poker coverage. Norman Chad and Lon McEachern tell their stories from the felt.",
          "image": "2019/01/11/87924_es.jpg",
          "runtime": "11:19",
          "runtimeHours": "11:19",
          "releaseDate": "2019-01-14T09:00:00.000",
          "purchaseTypeId": 20
        }
      ]
    }
  ],
  "categoryStructure": [
    {
      "seoName": "event-replays",
      "id": 810,
      "name": "EVENT REPLAYS"
    },
    {
      "seoName": "featured",
      "id": 811,
      "name": "FEATURED",
      "subCategories": [
        {
          "seoName": "poker-after-dark-2019-recaps-featured",
          "id": 1627,
          "name": "Poker After Dark 2019 Recaps"
        },
        {
          "seoName": "beyond-the-rail-feature",
          "id": 1387,
          "name": "Beyond the Rail"
        },
        {
          "seoName": "real-talk-1",
          "id": 1366,
          "name": "Real Talk"
        },
        {
          "seoName": "tell-tale-1",
          "id": 1367,
          "name": "Tell Tale"
        },
        {
          "seoName": "hand-histories-1",
          "id": 1368,
          "name": "Hand Histories"
        },
        {
          "seoName": "insiders-super-high-roller-bowl-2018",
          "id": 1224,
          "name": "INSIDERS: Super High Roller Bowl 2018®"
        },
        {
          "seoName": "best-of-pokergo-featured",
          "id": 1184,
          "name": "Best of PokerGO"
        },
        {
          "seoName": "super-high-roller-club-featured",
          "id": 1149,
          "name": "Super High Roller Club™"
        },
        {
          "seoName": "stories-from-the-felt-featured",
          "id": 1062,
          "name": "Stories From the Felt®"
        },
        {
          "seoName": "pokerography",
          "id": 841,
          "name": "Pokerography®"
        },
        {
          "seoName": "dead-money-series",
          "id": 843,
          "name": "Dead Money®"
        }
      ]
    },
    {
      "seoName": "highlights",
      "id": 1046,
      "name": "HIGHLIGHTS",
      "subCategories": [
        {
          "seoName": "best-of-pokergo",
          "id": 1045,
          "name": "Best of PokerGO"
        },
        {
          "seoName": "poker-after-dark-2019-recaps",
          "id": 1626,
          "name": "Poker After Dark 2019 Recaps"
        },
        {
          "seoName": "dollys-game-2019-recaps",
          "id": 1613,
          "name": "Dolly’s Game 2019 Recaps"
        },
        {
          "seoName": "poker-masters-2018-recaps",
          "id": 1343,
          "name": "Poker Masters 2018 Recaps"
        },
        {
          "seoName": "super-high-roller-cash-game-recaps",
          "id": 1538,
          "name": "Super High Roller Cash Game Recaps"
        },
        {
          "seoName": "super-high-roller-bowl-2018-recaps",
          "id": 1244,
          "name": "Super High Roller Bowl 2018 Recaps"
        },
        {
          "seoName": "world-series-of-poker-2018-recaps",
          "id": 1245,
          "name": "World Series of Poker 2018 Recaps"
        },
        {
          "seoName": "poker-after-dark-2018-recaps",
          "id": 1089,
          "name": "Poker After Dark 2018 Recaps"
        },
        {
          "seoName": "super-high-roller-bowl-china-2018",
          "id": 1181,
          "name": "Super High Roller Bowl China 2018"
        },
        {
          "seoName": "us-poker-open-2018-recaps",
          "id": 1122,
          "name": "U.S. Poker Open 2018 Recaps"
        },
        {
          "seoName": "aria-high-roller-series-2018-recaps",
          "id": 1165,
          "name": "ARIA High Roller Series 2018 Recaps"
        },
        {
          "seoName": "poker-masters-2017",
          "id": 1218,
          "name": "Poker Masters 2017"
        },
        {
          "seoName": "super-high-roller-bowl-2017",
          "id": 1174,
          "name": "Super High Roller Bowl 2017"
        },
        {
          "seoName": "wpt-recaps",
          "id": 1081,
          "name": "World Poker Tour Season 16 Recaps"
        },
        {
          "seoName": "poker-after-dark-2017-recaps",
          "id": 1088,
          "name": "Poker After Dark 2017 Recaps"
        },
        {
          "seoName": "aria-high-roller-recaps",
          "id": 1033,
          "name": "ARIA High Roller Series 2017 Recaps"
        },
        {
          "seoName": "poker-masters-recaps",
          "id": 995,
          "name": "Poker Masters 2017 Recaps"
        },
        {
          "seoName": "super-high-roller-bowl-2016",
          "id": 822,
          "name": "Super High Roller Bowl 2016"
        },
        {
          "seoName": "super-high-roller-bowl-2015",
          "id": 823,
          "name": "Super High Roller Bowl 2015"
        },
        {
          "seoName": "poker-central-charity-shootout-2016",
          "id": 825,
          "name": "Poker Central Charity Shootout 2016"
        },
        {
          "seoName": "super-high-roller-cash-game-2015",
          "id": 1178,
          "name": "Super High Roller Cash Game"
        },
        {
          "seoName": "super-high-roller-celebrity-shootout-2015",
          "id": 824,
          "name": "Super High Roller Celebrity Shootout"
        }
      ]
    },
    {
      "seoName": "originals",
      "id": 812,
      "name": "ORIGINALS",
      "subCategories": [
        {
          "seoName": "beyond-the-rail",
          "id": 1386,
          "name": "Beyond the Rail"
        },
        {
          "seoName": "real-talk",
          "id": 1355,
          "name": "Real Talk"
        },
        {
          "seoName": "tell-tale",
          "id": 1341,
          "name": "Tell Tale"
        },
        {
          "seoName": "hand-histories",
          "id": 1276,
          "name": "Hand Histories"
        },
        {
          "seoName": "insiders-2018-super-high-roller-bowl",
          "id": 1225,
          "name": "INSIDERS: Super High Roller Bowl 2018®"
        },
        {
          "seoName": "super-high-roller-club",
          "id": 1147,
          "name": "Super High Roller Club™"
        },
        {
          "seoName": "stories-from-the-felt",
          "id": 1061,
          "name": "Stories From the Felt®"
        },
        {
          "seoName": "deep-issues-on-demand",
          "id": 949,
          "name": "Deep Issues®"
        },
        {
          "seoName": "pokerography-on-demand",
          "id": 869,
          "name": "Pokerography®"
        },
        {
          "seoName": "major-wager",
          "id": 982,
          "name": "Major Wager®"
        },
        {
          "seoName": "poker-nights",
          "id": 939,
          "name": "Poker Nights®"
        },
        {
          "seoName": "dead-money",
          "id": 835,
          "name": "Dead Money®"
        },
        {
          "seoName": "chasing-hearts",
          "id": 1006,
          "name": "Chasing Hearts®"
        },
        {
          "seoName": "inside-poker-with-matt-savage",
          "id": 834,
          "name": "Inside Poker with Matt Savage"
        }
      ]
    },
    {
      "seoName": "thevault",
      "id": 813,
      "name": "THE VAULT",
      "subCategories": [
        {
          "seoName": "wsop-main-event-2017",
          "id": 1272,
          "name": "WSOP Main Event 2017"
        },
        {
          "seoName": "world-series-of-poker-2016",
          "id": 1216,
          "name": "WSOP Main Event 2016"
        },
        {
          "seoName": "wsop-main-event-2015",
          "id": 1219,
          "name": "WSOP Main Event 2015"
        },
        {
          "seoName": "wsop-main-event-2014",
          "id": 1220,
          "name": "WSOP Main Event 2014"
        },
        {
          "seoName": "wsop-main-event-2013",
          "id": 1222,
          "name": "WSOP Main Event 2013"
        },
        {
          "seoName": "wsop-main-event-2012",
          "id": 1226,
          "name": "WSOP Main Event 2012"
        },
        {
          "seoName": "wsop-main-event-2011",
          "id": 1241,
          "name": "WSOP Main Event 2011"
        },
        {
          "seoName": "poker-after-dark",
          "id": 831,
          "name": "Poker After Dark Season 1"
        },
        {
          "seoName": "poker-after-dark-season-2",
          "id": 832,
          "name": "Poker After Dark Season 2"
        },
        {
          "seoName": "poker-after-dark-season-3",
          "id": 930,
          "name": "Poker After Dark Season 3"
        },
        {
          "seoName": "poker-after-dark-season-4",
          "id": 960,
          "name": "Poker After Dark Season 4"
        },
        {
          "seoName": "poker-after-dark-season-5",
          "id": 1020,
          "name": "Poker After Dark Season 5"
        },
        {
          "seoName": "poker-after-dark-season-6",
          "id": 1060,
          "name": "Poker After Dark Season 6"
        },
        {
          "seoName": "poker-after-dark-season-7",
          "id": 1106,
          "name": "Poker After Dark Season 7"
        },
        {
          "seoName": "face-the-ace",
          "id": 826,
          "name": "Face the Ace"
        },
        {
          "seoName": "doubles-poker-championship",
          "id": 827,
          "name": "Doubles Poker Championship"
        },
        {
          "seoName": "grinders",
          "id": 833,
          "name": "Grinders"
        }
      ]
    }
  ]
}