<?xml version="1.0" encoding="utf-8" ?> 
<!--********** Copyright 2016 Roku Corp.  All Rights Reserved. **********--> 

<!-- Search screen -->

<component name="SearchScene" extends="BaseSceneFull"  >
	<interface>
    <field id="searchTextColor" type="color" alias="searchText.textcolor" value="#ffffff" onChange=""/>

    <!--********************************* Search Label *********************************-->

    <field id="searchLabelColor" type="color" alwaysnotify="true" alias="searchLabel.color" value="#ffffff" onChange=""/>
    <field id="searchLabelHeight" type="float" alias="searchLabel.height" onChange="" value="50"/>
    <field id="searchLabelWidth" type="float" alias="searchLabel.width" onChange="" value="300"/>
    <field id="searchLabelTranslation" type="vector2d" alias="searchLabel.translation" value="[110, 75]"/>
    <field id="searchLabelHorizAlign" type="string" alias="searchLabel.horizAlign" value="left"/>
    <field id="searchLabelVertAlign" type="string" alias="searchLabel.vertAlign" value="center"/>
    <field id="searchLabelVisible" type="boolean" alias="searchlabel.visible" value="true"/>
    <field id="searchLabel" type="assocarray" onChange="changeFontBase"/>

    <!--********************************* TextBox *********************************-->
    <field id="searchTextBoxWidth" type="float" alias="searchText.width" value="920"/>
    <field id="searchTextBoxTranslation" type="vector2d" alias="searchText.translation" value="[500,250]"/>
    <field id="searchTextBoxTextColor" type="color" alias="searchText.textColor"/>

    <!--********************************* Search Keyboard *********************************-->

    <field id="searchedText" type="string" alwaysnotify="true" value=""/>
    <field id="searchNode" type="node" alwaysnotify="true"/>
    <field id="keyTyping" type="string" alwaysnotify="true" alias="SearchKeyboard.text" onChange="onTextUpdating"/>
    <field id="keyColor" type="color" alwaysNotify="true" alias="SearchKeyboard.keyColor" value="#ffffff" onChange=""/>
    <field id="focusedKeyColor" type="color" alias="SearchKeyboard.focusedKeyColor" value=""/>
    <field id="searchKeyboardTranslation" type="vector2d" alias="SearchKeyboard.translation" value="[265,350]"/>
    <field id="searchKeyboardShowTextBox" type="boolean" alias="SearchKeyboard.showTextEditBox" value="false"/>
    <field id="searchKeyboardFocusable" type="boolean" alias="SearchKeyboard.focusable" value="true"/>
    <field id="searchKeyboardVisible" type="boolean" alias="SearchKeyboard.visible" value="true"/>

    <!--********************************* Submit Button *********************************-->

    <field id="submitButtonColor" type="color" alwaysnotify="true" alias="submitButton.color" value="#000000" onChange=""/>
    <field id="submitButtonHeight" type="float" alias="submitButton.height" value="75"/>
    <field id="submitButtonWidth" type="float" alias="submitButton.width" value="350"/>
    <field id="submitButtonTranslation" type="vector2d" alias="submitButton.translation" value="[ 750, 785 ]"/>
    <field id="submitButtonVisible" type="boolean" alias="submitButton.visible" value="false"/>
    <field id="submitButtonFocusable" type="boolean" alias="submitButton.focusable" value="true"/>

    <!--********************************* Submit Button Label *********************************-->

    <field id="submitLabelColor" type="color" alwaysnotify="true" alias="SubmitLabel.color" value="#ffffff" onChange=""/>
    <field id="submitLabelHeight" type="float" alias="SubmitLabel.height" value="75"/>
    <field id="submitLabelWidth" type="float" alias="SubmitLabel.width" value="350"/>
    <field id="submitLabelVisible" type="boolean" alias="SubmitLabel.visible" value="true"/>
    <field id="submitLabelHorizAlign" type="string" alias="SubmitLabel.horizAlign" value="center"/>
    <field id="submitLabelVertAlign" type="string" alias="SubmitLabel.vertAlign" value="center"/>
    <field id="submitLabel" type="assocarray" onChange="changeFontBase"/>

    <!--************************************** Content Poster **************************************-->

    <field id="contentPosterUri" type="string" alias="contentPoster.uri" onChange=""/>
    <field id="contentPosterTranslation" type="vector2d" alias="contentPoster.translation" value="[1500,100]"/>
    <field id="contentPosterHeight" type="float" alias="contentPoster.height" value="42"/>
    <field id="contentPosterWidth" type="float" alias="contentPoster.width" value="300"/>

    <!--********************************* Init Search *********************************-->

    <field id="initSearch" type= "boolean" alwaysnotify="true" onChange="onInitSearch"/>

    <!--********************************* Cursor Color *********************************-->

    <field id="cursorColor" type="string" alwaysNotify="true" onChange="onCursorColorChanged"/>

  </interface>
  <script type="text/brightscript" uri="pkg:/components/CED-Roku-Components/searchScene/searchScene.brs"/>
    
  <children>
    
    <Label id="searchLabel" font="font:LargeBoldSystemFont"/>

    <Poster id="contentPoster" visible="true"/>

    <TextEditBox id="searchText"/>

    <!-- <Group id="searchTextCursor" opacity="1.0">
      <Rectangle id="rectTopSearch" width="917" height="3" color="#FF0000" translation="[ 502, 250 ]" />
      <Rectangle id="rectLeftSearch" width="3" height="68" color="#FF0000" translation="[ 502, 250 ]" />
      <Rectangle id="rectRightSearch" width="3" height="71" color="#FF0000" translation="[ 1417, 250 ]" />
      <Rectangle id="rectBottomSearch" width="917" height="3" color="#FF0000" translation="[502, 318 ]" />
    </Group> -->

    <Keyboard id="SearchKeyboard"/>
    
    <Rectangle id="SubmitButton">
      <Label id = "SubmitLabel" font="font:SmallBoldSystemFont"/>
    </Rectangle>

    <Group id="submitButtonBg" opacity="1.0" visible="false" >
      <Rectangle id="rectTopSubmit" width="350" height="5" color="#FF0000" translation="[ 750, 785 ]" />
      <Rectangle id="rectLeftSubmit" width="5" height="75" color="#FF0000" translation="[ 750, 785 ]" />
      <Rectangle id="rectRightSubmit" width="5" height="80" color="#FF0000" translation="[ 1100, 785 ]" />
      <Rectangle id="rectBottomSubmit" width="350" height="5" color="#FF0000" translation="[ 750, 860 ]" />
    </Group>

  </children>
</component>