<?xml version="1.0" encoding="utf-8" ?>

<component name="DropdownSelector" extends="Group">
	<interface>
		<!-- ********************************** VARIABLES ****************************************** -->
		<!-- *************************************************************************************** -->
		<field id="focused" type="boolean" value="false" onChange="changeFocus" alwaysnotify="true"/>
		<field id="itemSelected" type="node" alwaysnotify="true"/>
		<field id="content" type="array" alwaysnotify="true" onChange="contentLoaded"/>

		<!-- ********************************** LAYOUT ATTRIBUTES ********************************** -->
		<!-- *************************************************************************************** -->

		<!-- ********************************** GRID MENU HIGHLIGHT ********************************** -->

		<field id="gridMenuHighlightTranslation" type="vector2d" alias="gridMenuHighlight.translation" value="[399, 37]"/>
		<field id="gridMenuHighlightColor" type="color" alias="gridMenuHighlight.color" value="#000000"/>
		<field id="gridMenuHighlightWidth" type="float" alias="gridMenuHighlight.width" value="375"/>
		<field id="gridMenuHighlightHeight" type="float" alias="gridMenuHighlight.height" value="54"/> 
		<field id="gridMenuHighlightVisibility" type="boolean" alias="gridMenuHighlight.visible" value="false"/> 

		<!-- ********************************** GRID GROUP ********************************** -->

		<field id="gridGroupTranslation" type="vector2d" alias="gridGroup.translation" value="[402,34]"/>

		<!-- ********************************** DARK BORDER ********************************** -->

		<field id="darkBorderColor" type="color" alias="darkBorder.color" value="#000000"/>
		<field id="darkBorderHeight" type="float" alias="darkBorder.height" value="54"/>
		<field id="darkBorderWidth" type="float" alias="darkBorder.width" value="378"/>

		<!-- ********************************** LABEL RECT ********************************** -->

		<field id="labelRectTranslation" type="vector2d" alias="labelRect.translation" value="[2,2]"/>
		<field id="labelRectColor" type="color" alias="labelRect.color" value="#d7d7d7"/>
		<field id="labelRectHeight" type="float" alias="labelRect.width" value="375"/>
		<field id="labelRectWidth" type="float" alias="labelRect.height" value="51"/>

		<!-- ********************************** GRID MENU TEXT ********************************** -->

		<field id="gridMenuTextColor" type="color" alias="gridMenuText.color" value="#000000"/>
		<field id="gridMenuTextHeight" type="float" alias="gridMenuText.height" value="54"/>
		<field id="gridMenuTextWidth" type="float" alias="gridMenuText.width" value="375"/>
		<field id="gridMenuTextHorizAlign" type="string" alias="gridMenuText.horizAlign" value="center"/>
		<field id="gridMenuTextVertAlign" type="string" alias="gridMenuText.vertAlign" value="center"/>

		<!-- ********************************** GRID MENU BG ********************************** -->

		<field id="gridMenuBgTranslation" type="vector2d" alias="gridMenuBackground.translation" value="[402,39]"/>
		<field id="gridMenuBgColor" type="color" alias="gridMenuBackground.color" value="#ffffff"/>
		<field id="gridMenuBgHeight" type="float" alias="gridMenuBackground.height" value="430"/>
		<field id="gridMenuBgWidth" type="float" alias="gridMenuBackground.width" value="375"/>
		<field id="gridMenuBgVisibility" type="boolean" alias="gridMenuBackground.visible" value="false"/>

		<!-- ********************************** GRID MENU LABEL LIST ********************************** -->

		<field id="gridMenuListItemSize" type="intarray" alias="gridMenu.itemSize" value="[375,54]"/>
		<field id="gridMenuListFocusRow" type="int" alias="gridMenu.focusRow" value="0"/>
		<field id="gridMenuListVertFocusAnimationStyle" type="string" alias="gridMenu.vertFocusAnimationStyle" value="fixedFocusWrap"/>
		<field id="gridMenuListTextHorizAlign" type="string" alias="gridMenu.textHorizAlign" value="center"/>
		<field id="gridMenuListnumRows" type="string" alias="gridMenu.numRows" value="12"/>
		

	</interface>

	<script type="text/brightscript" uri="pkg:/components/CED-Roku-Components/dropdownselector/dropdownSelector.brs"/>

	<children>

    <Group id="dropdownSelectorGroup">
			<Rectangle
				id="gridMenuHighlight"/>
			<Group
				id="gridGroup">
				<Rectangle
					id="darkBorder"/>
				<Rectangle
					id="labelRect"/>
				<Label
				  id="gridMenuText">
				  	<Font role = "font" uri = "pkg:/fonts/Flama-Basic.ttf" size = "30" />
				</Label>
			</Group>

			<Rectangle
		    id="gridMenuBackground"
		    color="0x002f50FF">
			    <LabelList
			      id = "gridMenu">
			    </LabelList>
			</Rectangle>
    </Group>
	</children>
</component>