<?xml version = "1.0" encoding = "utf-8" ?> 

<!--********** Copyright 2016 Roku Corp.  All Rights Reserved. **********-->

<component name="RendezvousScreen" extends="BaseSceneFull" initialFocus="continueBtn">

  <interface>
    <field id="isAuthSuccess" type="Boolean" alwaysnotify="true"/>
    <field id="initAuth" type="Boolean" alwaysnotify="true" onChange="onInitAuth"/> 
    <field id="authType" type="string" value="rendezvous"/>
    <field id="isPanel" type="boolean" value="false"/>
    <field id="stopTasks" type="boolean" value="false" alwaysNotify="true" onChange="stopTasks"/>

    <!--********************************* LD Header *********************************-->

    <field id="linkDeviceHeaderColor" type="color" alias="linkDeviceHeader.color" value="#ffffff"/>
    <field id="linkDeviceHeaderWidth" type="float" alias="linkDeviceHeader.width" value="1920"/>
    <field id="linkDeviceHeaderHeight" type="float" alias="linkDeviceHeader.height" value="75"/>
    <field id="linkDeviceHeaderTranslation" type="vector2d" alias="linkDeviceHeader.translation" value="[0,102]"/>
    <field id="linkDeviceHeaderHorizAlign" type="string" alias="linkDeviceHeader.horizAlign" value="center"/>
    <field id="linkDeviceHeaderVertAlign" type="string" alias="linkDeviceHeader.vertAlign" value="top"/>
    <field id="linkDeviceHeader" type="assocarray" onChange="changeFontBase"/>

    <!--********************************* LD SubHeader *********************************-->

    <field id="linkDeviceSubHeaderColor" type="color" alias="linkDeviceSubHeader.color" value="#ffffff"/>
    <field id="linkDeviceSubHeaderWidth" type="float" alias="linkDeviceSubHeader.width" value="1920"/>
    <field id="linkDeviceSubHeaderHeight" type="float" alias="linkDeviceSubHeader.height" value="102"/>
    <field id="linkDeviceSubHeaderTranslation" type="vector2d" alias="linkDeviceSubHeader.translation" value="[0,174]"/>
    <field id="linkDeviceSubHeaderHorizAlign" type="string" alias="linkDeviceSubHeader.horizAlign" value="center"/>
    <field id="linkDeviceSubHeaderVertAlign" type="string" alias="linkDeviceSubHeader.vertAlign" value="top"/>
    <field id="linkDeviceSubHeader" type="assocarray" onChange="changeFontBase"/>

    <!--********************************* GoTo Label *********************************-->

    <field id="goToLabelColor" type="color" alias="goToLabel.color" value="#ffffff"/>
    <field id="goToLabelWidth" type="float" alias="goToLabel.width" value="1920"/>
    <field id="goToLabelHeight" type="float" alias="goToLabel.height" value="51"/>
    <field id="goToLabelTranslation" type="vector2d" alias="goToLabel.translation" value="[0,342]"/>
    <field id="goToLabelHorizAlign" type="string" alias="goToLabel.horizAlign" value="center"/>
    <field id="goToLabelVertAlign" type="string" alias="goToLabel.vertAlign" value="top"/>
    <field id="goToLabelWrap" type="boolean" alias="goToLabel.wrap" value="true"/>
    <field id="goToLabel" type="assocarray" onChange="changeFontBase"/>

    <!--********************************* Link Device URL *********************************-->

    <field id="linkDeviceUrlColor" type="color" alias="linkDeviceUrl.color" value="#ffffff"/>
    <field id="linkDeviceUrlWidth" type="float" alias="linkDeviceUrl.width" value="1920"/>
    <field id="linkDeviceUrlHeight" type="float" alias="linkDeviceUrl.height" value="51"/>
    <field id="linkDeviceUrlTranslation" type="vector2d" alias="linkDeviceUrl.translation" value="[0,390]"/>
    <field id="linkDeviceUrlHorizAlign" type="string" alias="linkDeviceUrl.horizAlign" value="center"/>
    <field id="linkDeviceUrlVertAlign" type="string" alias="linkDeviceUrl.vertAlign" value="center"/>
    <field id="linkDeviceUrl" type="assocarray" onChange="changeFontBase"/>

    <!--********************************* Enter Code Label *********************************-->

    <field id="enterCodeLabelColor" type="color" alias="enterCodeLabel.color" value="#ffffff"/>
    <field id="enterCodeLabelWidth" type="float" alias="enterCodeLabel.width" value="1920"/>
    <field id="enterCodeLabelHeight" type="float" alias="enterCodeLabel.height" value="51"/>
    <field id="enterCodeLabelTranslation" type="vector2d" alias="enterCodeLabel.translation" value="[0,591]"/>
    <field id="enterCodeLabelHorizAlign" type="string" alias="enterCodeLabel.horizAlign" value="center"/>
    <field id="enterCodeLabelVertAlign" type="string" alias="enterCodeLabel.vertAlign" value="top"/>
    <field id="enterCodeLabelWrap" type="boolean" alias="enterCodeLabel.wrap" value="true"/>
    <field id="enterCodeLabel" type="assocarray" onChange="changeFontBase"/>

    <!--********************************* Device Reg Code Label *********************************-->

    <field id="deviceRegCodeColor" type="color" alias="deviceRegCode.color" value="#ffffff"/>
    <field id="deviceRegCodeWidth" type="float" alias="deviceRegCode.width" value="1920"/>
    <field id="deviceRegCodeHeight" type="float" alias="deviceRegCode.height" value="51"/>
    <field id="deviceRegCodeTranslation" type="vector2d" alias="deviceRegCode.translation" value="[0,642]"/>
    <field id="deviceRegCodeHorizAlign" type="string" alias="deviceRegCode.horizAlign" value="center"/>
    <field id="deviceRegCodeVertAlign" type="string" alias="deviceRegCode.vertAlign" value="center"/>
    <field id="deviceRegCode" type="assocarray" onChange="changeFontBase"/>

    <!--********************************* Subscribe Subheader *********************************-->

    <field id="subscribeSubHeaderColor" type="color" alias="subscribeSubHeader.color" value="#ffffff"/>
    <field id="subscribeSubHeaderWidth" type="float" alias="subscribeSubHeader.width" value="1920"/>
    <field id="subscribeSubHeaderHeight" type="float" alias="subscribeSubHeader.height" value="102"/>
    <field id="subscribeSubHeaderTranslation" type="vector2d" alias="subscribeSubHeader.translation" value="[0,975]"/>
    <field id="subscribeSubHeaderHorizAlign" type="string" alias="subscribeSubHeader.horizAlign" value="center"/>
    <field id="subscribeSubHeaderVertAlign" type="string" alias="subscribeSubHeader.vertAlign" value="top"/>
    <field id="subscribeSubHeaderWrap" type="boolean" alias="subscribeSubHeader.wrap" value="true"/>
    <field id="subscribeSubHeaderVisibility" type="boolean" alias="subscribeSubHeader.visible" value="true"/>
    <field id="subscribeSubHeader" type="assocarray" onChange="changeFontBase"/>

    <!--********************************* Dividers *********************************-->

    <field id="topDividerColor" type="color" alias="topDivider.color" value="#ffffff"/>
    <field id ="topDividerVisibility" type="boolean" alias="topDivider.visible" value="true"/>
    <field id="bottomDividerColor" type="color" alias="bottomDivider.color" value="#ffffff"/>
    <field id ="bottomDividerVisibility" type="boolean" alias="bottomDivider.visible" value="true"/>

    <!--********************************* Continue Button GROUP *********************************-->

    <field id="continueButtonGroupTranslation" type="vector2d" alias="continueBtnGroup.translation" value="[791, 801]"/>

    <!--********************************* Continue Button Label *********************************-->

    <field id="continueButtonLabelColor" type="color" alias="continueBtnText.color" value="#ffffff"/>
    <field id="continueButtonLabelHeight" type="float" alias="continueBtnText.height" value="150"/>
    <field id="continueButtonLabelWidth" type="float" alias="continueBtnText.width" value="351"/>
    <field id="continueButtonLabel" type="assocarray" onChange="changeFontBase"/>

    <!--********************************* SCENE GROUP TRANSLATION *********************************-->

    <field id="sceneGroupTranslation" type="vector2d" alias="sceneGroup.translation" value="[0,0]"/>

    <field id="loadingIndicatorText" type="string" alias="loadingIndicator.text" value=""/>

  </interface>

  <!-- <script type="text/brightscript" uri="pkg:/components/ui/MvpdAuth/mvpdAuth.brs" /> -->
  <script type="text/brightscript" uri="pkg:/components/CED-Roku-Components/showDialogBox.brs"/>
  <script type="text/brightscript" uri="pkg:/components/CED-Roku-Components/rendevousscene/rendezvousscene.brs" />

  <children >

    <!-- <Poster
      id="mvpdUnivisionIcon"
      uri="tmp:/settings_logo.png"
      width="400"
      height="414"
      translation="[280, 340]"
      visible= "true"/> -->

    <Group id="sceneGroup">

      <Label 
        id="linkDeviceHeader" 
        font="font:LargeBoldSystemFont"/>

      <Label 
        id="linkDeviceSubHeader" 
        font="font:MediumBoldSystemFont"/>

      <Rectangle 
        id = "topDivider"
        width = "1701"
        height = "3"
        opacity = ".75"
        translation = "[ 111, 225]"/>

      <Label 
        id="goToLabel" 
        font="font:MediumBoldSystemFont"/>

      <Label 
        id="linkDeviceUrl" 
        font="font:LargeBoldSystemFont"/>

      <Label 
        id="enterCodeLabel"
        font="font:MediumBoldSystemFont"/>

      <Label 
        id="deviceRegCode"
        font="font:LargeBoldSystemFont"/>
      <Animation   id="deviceRegCodeTextAnimation"  duration="1"  repeat="false"  control="stop"  easeFunction="linear" optional="true">
        <FloatFieldInterpolator id = "deviceRegCodeTextFloat"   key="[0.0, 0.5, 1.0]"    keyValue="[ 0, 0.5, 1.0 ]"       fieldToInterp="deviceRegCode.opacity"   />
      </Animation>

      <Group id="continueBtnGroup">

          <Label id="continueBtnText" width="1920" height="72" horizAlign="center" vertAlign="center" wrap="true" font="font:MediumBoldSystemFont"/>
          <Animation   id="continueButtonTextAnimation"  duration="1"  repeat="false"  control="stop"  easeFunction="linear" optional="true">
            <FloatFieldInterpolator id = "continueButtonTextFloat"   key="[0.0, 0.5, 1.0]"    keyValue="[ 0, 0.5, 1.0 ]"       fieldToInterp="continueBtnText.opacity"/>
          </Animation>
          <Animation   id="continueButtonTextFlashAnimation"  duration="2"  repeat="true"  control="start"  easeFunction="linear" optional="true">
            <FloatFieldInterpolator id = "continueButtonTextFlashFloat"   key="[0.0, 0.5, 1.0]"    keyValue="[ 1.0, 0.0, 1.0 ]"       fieldToInterp="continueBtnText.opacity"/>
          </Animation>

      </Group>

      <Rectangle 
        id = "bottomDivider"
        width = "1701"
        height = "3"
        opacity = ".75"
        translation = "[ 111, 915]"/>


       <Label 
        id="subscribeSubHeader" 
        font="font:MediumBoldSystemFont"/>

      <ProgressDialog
          id="ProgressDialog"
          visible="false"/>

      <LoadingIndicator
        id="loadingIndicator"
        imageUri="pkg:/components/CED-Roku-Components/LoadingIndicator/loader-2.png"
        clockwise="true"
        spinInterval="1"
        fadeInterval="0.5"
        spacing="21"
        imageWidth="75"
        text=""
        width="1929"
        height="1080"
        centered="false"
        translation="[-9, 0]"
        textPadding="10"
        textColor="#FFFFFF"
        font="font:SmallBoldSystemFont"
        backgroundColor="#000000"
        backgroundOpacity=".75"
        control="stop"/>
    </Group>

    <Timer
      id="refreshTimerAdobe"
      repeat="true"
      duration="10"
      />

    <Timer
      id="refreshTimerRend"
      repeat="true"
      duration="10"
      />
  </children>

</component>
