<?xml version = "1.0" encoding = "utf-8" ?>

<component name="BaseSceneItemComponent" extends="BaseScene" >
	<interface>
		<!--     If set, specifies width of the component, otherwise, parent's width is used. -->
    <field id="width" type="float" onChange="updateLayout"/>
	<!--     If set, specifies height of the component, otherwise, parent's height is used. -->
    <field id="height" type="float" onChange="updateLayout"/>
	</interface>


	<script type="text/brightscript">
		<![CDATA[
			Function Init()
				m.fakeItemGroup    = m.top.findNode("fakeItemGroup")
				m.fakeItemBackground  = m.top.findNode("fakeItemBackground") 
        m.fakeItemLabel  = m.top.findNode("fakeItemLabel") 
			End Function

			Function checkFakeItems(itemcontent)
				found = false
				if itemcontent.isFakeItem = true 
          m.fakeItemBackground.visible  = true
          m.fakeItemLabel.text = itemcontent.title
          found = true

	        else if itemcontent.ShortDescriptionLine1 = "loadMore"
	          m.fakeItemBackground.visible = true
	          m.fakeItemLabel.text = itemcontent.title
	          found = true
	        else
	        	if m.fakeItemBackground <> invalid then m.fakeItemBackground.visible = false
	        end if
	        return found
			End Function

			sub updateLayout()
				if m.fakeItemBackground <> invalid then
		      m.fakeItemBackground.height = m.top.height
	    		m.fakeItemBackground.width = m.top.width
	    	end if

	    	if m.fakeItemLabel <> invalid then
	    		m.fakeItemLabel.height = m.top.height
	    		m.fakeItemLabel.width = m.top.width
	    	end if
	    end sub
		]]>
	</script>
	<children>
	    <Rectangle id="fakeItemBackground" color="#000000">
	        <Label id="fakeItemLabel" translation="[0, 0]" color="#FFFFFF" horizAlign="center" vertAlign="center" wrap="true" font="font:SmallBoldSystemFont"/>
	    </Rectangle>
	</children>
</component>
