<?xml version = "1.0" encoding = "utf-8" ?>

<component name="BaseSceneFull" extends="BaseScene" >
	<interface>
	    <field id="thisSceneFocused" value="false" type="boolean"/>
	    <field id="pageEvent" value="" type="string"/>
	</interface>

	<script type="text/brightscript" uri="pkg:/source/adobe_analytics.brs" />
	<script type="text/brightscript" uri="pkg:/source/adbmobile.brs" />
	<script type="text/brightscript" uri="pkg:/source/googleanalytics.brs"/>
	<script type="text/brightscript" uri="pkg:/source/pageEvents.brs"/>
  	<script type="text/brightscript" uri="pkg:/components/CED-Roku-Components/buildScenes.brs"/>
  	<script type="text/brightscript" uri="pkg:/source/appSpecific_buildScenes.brs"/>
  	<script type="text/brightscript" uri="pkg:/source/validations.brs" />
	
	<script type="text/brightscript">
		<![CDATA[
			Function Init()
			  'SetupAdobeAnalytics()
			  m.top.observeField("visible", "onFocus")
			  m.marketingTask = m.top.findNode("marketingTask")
			End Function

			sub onFocus(message as Object)
				if(m.top.visible)
					if(m.top.thisSceneFocused = false)
						m.top.thisSceneFocused = true
						print m.top.id; " has focus---------------------------------"
						if(m.global.prefixes.analytics.adobe.analyticsEnabled)
							SetupAdobeAnalytics()
							stateData = getAdobeAnalyticsDictionary()
							stateData[m.global.dictionary.analytics.adobe.pagename] = m.global.dictionary.analytics.adobe.lookup(m.top.id)
						    m.adbmobile.trackState(m.global.dictionary.analytics.adobe.lookup(m.top.id), stateData)
						end if
						if(m.global.prefixes.analytics.google.analyticsEnabled)
							if m.top.id = "contentScene"
								pageName = m.global.dictionary.analytics.google.lookup(m.top.getParent().findNode("menu").contentNodeToShow.title)
							else 
								pageName = m.global.dictionary.analytics.google.lookup(m.top.id)
							end if
								
							if(pageName = invalid)
								pageName = m.top.id
							end if

							GoogleParams = {
				          t : "screenview"
				          cd : pageName
				      }

				      SendGoogleAnalytics(GoogleParams)
						end if
					end if
				else
					m.top.thisSceneFocused = false
				end if
			end sub

			sub fireGAEvents(googleEA)
				if(m.global.prefixes.analytics.google.analyticsEnabled and googleEA <> invalid)
					fireGAEventsForScenes(googleEA)
				end if
			end sub

			sub fireMarketingPixelEvent(eventName, eventvalue)
				m.marketingTask.eventName = eventName
				m.marketingTask.eventvalue = eventvalue
				m.marketingTask.fireEvent = true
				'm.marketingTask.control = "run"
			end sub

		]]>
	</script>
	<children>

		<RAFMarketingPixelTask id="marketingTask" />
	</children>
</component>
