<?xml version="1.0" encoding="utf-8" ?>

<component name="CountdownTimer" extends="Group">
	<interface>
		<!-- ********************************** VARIABLES ********************************** -->
		<field id="eventDate" type="string" onChange="setTimer" value="" alwaysnotify="true"/>
		<field id="seconds" type="int" />
		<field id="minutes" type="int" />
		<field id="hours" type="int" />
		<field id="days" type="int" />
		<field id="showTimer" type="boolean" alwaysnotify="true"/>
		<field id="visible" type="boolean"/>

		<!-- ********************************** COUNTDOWN GROUP ********************************** -->
		<field id="countdownGroupTranslation" type="vector2d" value="[1032,30]" alias="countdownGroup.translation"/>

		<!-- ********************************** TIMER BACKGROUND ********************************** -->
		<field id="timerBgHeight" type="int" value="102" alias="timerBg.height"/>
		<field id="timerBgWidth" type="int" value="501" alias="timerBg.width"/>
		<field id="timerBgTranslation" type="vector2d" value="[102,36]" alias="timerBg.translation"/>
		<field id="timerBgOpacity" type="float" value="0.6" alias="timerBg.opacity"/>
		<field id="timerBgColor" type="color" value="#000000" alias="timerBg.color"/>

		<!-- ********************************** DAYS GROUP ********************************** -->
		<field id="daysGroupTranslation" type="vector2d" value="[141, 51]" alias="daysGroup.translation"/>

		<!-- ********************************** DAYS LABEL ********************************** -->
		<field id="daysLabelColor" type="color" value="#ffffff" alias="days.color"/>
		<field id="daysLabelTranslation" type="vector2d" value="[0, 42]" alias="days.translation"/>
		<field id="daysLabelFont" type="string" value="font:SmallestBoldSystemFont" alias="days.font"/>

		<!-- ********************************** DAYS NUMBER ********************************** -->
		<field id="daysNumLabelColor" type="color" value="#ffffff" alias="daysNum.color"/>
		<field id="daysNumLabelTranslation" type="vector2d" value="[15, 0]" alias="daysNum.translation"/>
		<field id="daysNumLabelFont" type="string" value="font:MediumBoldSystemFont" alias="daysNum.font"/>

		<!-- ********************************** HOURS GROUP ********************************** -->
		<field id="hoursGroupTranslation" type="vector2d" value="[261, 51]" alias="hoursGroup.translation"/>

		<!-- ********************************** HOURS LABEL ********************************** -->
		<field id="hoursLabelColor" type="color" value="#ffffff" alias="hours.color"/>
		<field id="hoursLabelTranslation" type="vector2d" value="[0, 42]" alias="hours.translation"/>
		<field id="hoursLabelFont" type="string" value="font:SmallestBoldSystemFont" alias="hours.font"/>

		<!-- ********************************** HOURS NUMBER ********************************** -->
		<field id="hoursNumLabelColor" type="color" value="#ffffff" alias="hoursNum.color"/>
		<field id="hoursNumLabelTranslation" type="vector2d" value="[15, 0]" alias="hoursNum.translation"/>
		<field id="hoursNumLabelFont" type="string" value="font:MediumBoldSystemFont" alias="hoursNum.font"/>

		<!-- ********************************** MINUTES GROUP ********************************** -->
		<field id="minutesGroupTranslation" type="vector2d" value="[381, 51]" alias="minutesGroup.translation"/>

		<!-- ********************************** MINUTES LABEL ********************************** -->
		<field id="minutesLabelColor" type="color" value="#ffffff" alias="minutes.color"/>
		<field id="minutesLabelTranslation" type="vector2d" value="[0, 42]" alias="minutes.translation"/>
		<field id="minutesLabelFont" type="string" value="font:SmallestBoldSystemFont" alias="minutes.font"/>

		<!-- ********************************** MINUTES NUMBER ********************************** -->
		<field id="minutesNumLabelColor" type="color" value="#ffffff" alias="minutesNum.color"/>
		<field id="minutesNumLabelTranslation" type="vector2d" value="[12, 0]" alias="minutesNum.translation"/>
		<field id="minutesNumLabelFont" type="string" value="font:MediumBoldSystemFont" alias="minutesNum.font"/>

		<!-- ********************************** SECONDS GROUP ********************************** -->
		<field id="secondsGroupTranslation" type="vector2d" value="[501, 51]" alias="secondsGroup.translation"/>

		<!-- ********************************** SECONDS LABEL ********************************** -->
		<field id="secondsLabelColor" type="color" value="#ffffff" alias="seconds.color"/>
		<field id="secondsLabelTranslation" type="vector2d" value="[0, 42]" alias="seconds.translation"/>
		<field id="secondsLabelFont" type="string" value="font:SmallestBoldSystemFont" alias="seconds.font"/>

		<!-- ********************************** SECONDS NUMBER ********************************** -->
		<field id="secondsNumLabelColor" type="color" value="#ffffff" alias="secondsNum.color"/>
		<field id="secondsNumLabelTranslation" type="vector2d" value="[12, 0]" alias="secondsNum.translation"/>
		<field id="secondsNumLabelFont" type="string" value="font:MediumBoldSystemFont" alias="secondsNum.font"/>

	</interface>

	<script type="text/brightscript" uri="pkg:/components/CED-Roku-Components/countdownTimer/countdownTimer.brs"/>

	<children>

    <Group id="countdownGroup">
    	<!-- Timer Background -->
    	<Rectangle id="timerBg"/>

    	<Group id="daysGroup">
    	<!-- Days Label -->
		    <Label id="days"/>
    	<!-- Days Value -->
		    <Label id="daysNum"/>
		  </Group>

		  <Group id="hoursGroup">
    	<!-- Hours Label -->
		    <Label id="hours"/>
    	<!-- Hours Value -->
		    <Label id="hoursNum"/>
		  </Group>

		  <Group id="minutesGroup">
    	<!-- Minutes Label -->
		    <Label id="minutes"/>
    	<!-- Minutes Value -->
		    <Label id="minutesNum"/>
		  </Group>

		  <Group id="secondsGroup">
    	<!-- Seconds Label -->
		    <Label id="seconds"/>
    	<!-- Seconds Value -->
		    <Label id="secondsNum"/>
		  </Group>

		</Group>

    <!-- Countdown Timer Fade Out Animation -->
		<Animation 
		  id = "timerAnimation" 
		  duration = ".75" 
		  easeFunction = "linear"
		  repeat="false"
		  optional="true"
		  control="stop">
		  <FloatFieldInterpolator 
		    key = "[ 0.0, 0.5, 1.0 ]" 
		    keyValue = "[ 1.0, 0.5, 0.0 ]" 
		    fieldToInterp = "countdownGroup.opacity"/>
		</Animation>

    <Timer
      id="timer"
      repeat="true"
      duration="1"/>

	</children>
</component>