<?xml version = "1.0" encoding = "utf-8" ?> 

<!--********** Copyright 2016 Roku Corp.  All Rights Reserved. **********-->

<component name = "utilsTask" extends = "Task" >
  
  <interface>
    <field id="data" type="string" value="" />
    <field id = "response" type = "String" alwaysNotify = "true"/>
  </interface>  

  <script type="text/brightscript" uri="pkg:/source/serviceUtils.brs" />
  <script type="text/brightscript" uri="pkg:/source/generalUtils.brs" />
  <script type="text/brightscript" uri="pkg:/source/nodeHelper.brs" />
  <script type="text/brightscript" uri="pkg:/source/registryHelper.brs" />
  <script type="text/brightscript" uri="pkg:/source/configurationDataSource.brs" />
  <script type="text/brightscript" uri="pkg:/source/validations.brs" />
  <script type="text/brightscript" >
  	<![CDATA[

	  sub init()
    end sub

    sub parseXMlString()
      foundId = false
      progId = ""

      id3Tag = m.top.data.split("00")
      for each part in id3Tag
        ba = CreateObject("roByteArray")
        ba.FromHExString(part)
        strg = ba.ToAsciiString()
        parsed = parseXML(strg)

        if parsed <> invalid then
          xmlEl = parsed.GetNamedElements("dict")
          xmlArrEl = xmlEl.GetNamedElements("array")
          xmlDictEl = xmlArrEl.GetNamedElements("dict")
          for each i in xmlDictEl.getChildElements()
            'print i.GetName() + " : " + i.getText()
            if i.getName() = "string" and i.getText().inStr("slot") <> -1 then
              arr = i.getText().split("=")
              if arr.Count() = 2 then
                foundId = true 
                progId = arr[1]
              end if
              exit for
            end if
          end for
        end if
      end for

      if foundId = true then
        m.top.response = progId
      end if
    end sub

    ]]>
  </script>

</component>