<?xml version="1.0" encoding="utf-8" ?> 
<!--********** Copyright 2016 Roku Corp.  All Rights Reserved. **********--> 

<component name="detailsSceneComp" extends="BaseSceneFull" >
	<interface>
		<!-- ******************************* Content Fields ******************************* -->
		<field id="loadedContent" type="node" alwaysnotify="true" onChange=""/>
		<field id="nodeToLoad" type="node" onChange="loadNode" alwaysnotify="true"/>
		<field id="listContent"  type="node" alwaysnotify="true" alias="eventsList.content" onChange=""/>
		<field id="markupListContent" type="node" alwaysnotify="true" alias="eventsMarkupList.content" onChange=""/>
		<field id="contentCount" type="Integer" onChange="onContentCountChanged" alwaysnotify="true" />
		<field id="showTimer" type="boolean" alwaysnotify="true"/>
		<field id="refreshHome" type="boolean" alwaysnotify="true"/>
		<field id="listType" type="string" value="rowList"/>
		<field id="buttonType" type="string" value="poster"/>
		
		<!-- ******************************* FOCUS & SELECTION FIELDS ******************************* -->
		<field id="eventListItemFocused" type="intarray" alwaysnotify="true" alias="eventsList.rowItemFocused" onChange=""/>
		<field id="markupListItemFocused" type="intarray" alwaysnotify="true" alias="eventsMarkupList.itemFocused" onChange=""/>

		<field id="itemSelected" type="node" alwaysnotify="true"/>

		<field id="focusedContent" type="node"/>
		<field id="focused" type="string" alwaysnotify="true" onChange="onFocusedChanged"/>

		<!-- ******************************* ACTION & VARIABLE FIELDS ******************************* -->
		<field id="initDetails" type="boolean" alwaysnotify="true" onChange="resetFocus"/>
		<field id="playContent" type="boolean" alwaysnotify="true"/>
		<field id="resetDetails" type="boolean" alwaysnotify="true" onChange="onResetDetails"/>
		<field id="signInBtnSelected" type="boolean" alwaysnotify="true"/>
		<field id="useDefaultSignIn" type="boolean"/>
		<field id="authBtnSelected" type="boolean" alwaysnotify="true"/>
		<field id="purchaseBtnSelected" type="boolean" alwaysnotify="true"/>
		<field id="enableRefreshTimer" type="boolean" alwaysnotify="true" onChange="onRefreshTimer"/>
		<field id="personalizationForCategories" type="boolean" value="false"/>
		<field id="navigateBack" type="boolean" value="false" alwaysnotify="true"/>
		<field id="authnChanged" type="boolean" value="false" alwaysnotify="true" />
		<field id="setProgress" type="boolean" value="false" alwaysnotify="true" onChange="onListContentChanged" />
		<field id="pushNodeToBackStack" type="boolean" value="false" alwaysnotify="true" onChange="onPushNodeToBackStack"/>

		<!-- ******************************* EVENT BUTTON VARIABLES ******************************* -->
		<field id="liveButtonFocusedColor" type="color"/>
		<field id="liveButtonColor" type="color"/>
		<field id="liveButtonFocusedUri" type="uri"/>
		<field id="liveButtonUri" type="uri"/>
		<field id="liveButtonTextLoggedIn" type="string"/>
		<field id="liveButtonTextNotLoggedIn" type="string"/>
		<field id="liveButtonTextFocusedColor" type="color"/>
		<field id="liveButtonTextColor" type="color"/>
		<field id="vodButtonFocusedColor" type="color"/>
		<field id="vodButtonColor" type="color"/>
		<field id="vodButtonFocusedUri" type="uri"/>
		<field id="vodButtonUri" type="uri"/>
		<field id="vodButtonTextLoggedIn" type="string"/>
		<field id="vodButtonTextNotLoggedIn" type="string"/>
		<field id="vodButtonTextFocusedColor" type="color"/>
		<field id="vodButtonTextColor" type="color"/>

		<!-- ******************************* RESET POINT FIELD ******************************* -->
		<field id="videoSeek" type="Integer" value="0"/>

		<!-- ******************************* BG IMAGE ******************************* -->
		<field id="eventBgImageHeight" type="Integer" alias="eventBgImage.height" value="570"/>
		<field id="eventBgImageWidth" type="Integer" alias="eventBgImage.width" value="1920"/>
		<field id="eventBgImageTranslation" type="intarray" alias="eventBgImage.translation" value="[0,0]"/>
		<field id="eventBgImageOpacity" type="float" alias="eventBgImage.opacity" value="1"/>
		<field id="eventBgImageLoadDisplayMode" type="string" alias="eventBgImage.loadDisplayMode" value="noScale"/>
		<field id="eventBgImageUri" type="uri" alias="" value=""/>
		<field id="eventBgImageVisiblity" type="boolean" alias="eventBgImage.visible" value="true"/>
		<field id="eventbgImageExt" type="string" value="_bg"/>
		<field id="videobgImageExt" type="string" value="_eb"/>
		<field id="categorybgImageExt" type="string" value="_bg.jpg"/>

		<!-- ******************************* BG IMAGE DARKENER ******************************* -->
		<field id="eventBgImageDarkenerHeight" type="Integer" alias="eventBgImageDarkener.height" value="570"/>
		<field id="eventBgImageDarkenerWidth" type="Integer" alias="eventBgImageDarkener.width" value="1920"/>
		<field id="eventBgImageDarkenerTranslation" type="intarray" alias="eventBgImageDarkener.translation" value="[0,0]"/>
		<field id="eventBgImageDarkenerOpacity" type="float" alias="eventBgImageDarkener.opacity" value=".9"/>
		<field id="eventBgImageDarkenerColor" type="uri" alias="eventBgImageDarkener.color" value="#000000"/>
		<field id="eventBgDarkenerImageVisiblity" type="boolean" alias="eventBgImageDarkener.visible" value="false"/>
		<field id="videoBgImageVisiblity" type="boolean" value="false"/>
		<field id="videoBgRectVisiblity" type="boolean" value="false"/>

		<!-- ******************************* EVENT IMAGE ******************************* -->
		<field id="eventImageHeight" type="Integer" alias="eventImage.height" value="300"/>
		<field id="eventImageWidth" type="Integer" alias="eventImage.width" value="600"/>
		<field id="eventImageTranslation" type="intarray" alias="eventImage.translation" value="[1200,200]"/>
		<field id="eventImageVisiblity" type="boolean" alias="eventImage.visible" value="true"/>
		<field id="categoryImageExt" type="string" value="_es.jpg" />
		<field id="videoImageExt" type="string" value="_es.jpg" />

		<!-- ******************************* EVENT PROGRAM CODE ******************************* -->
		<field id="eventProgramCodeHeight" type="Integer" alias="eventProgramCode.height" value="50"/>
		<field id="eventProgramCodeWidth" type="Integer" alias="eventProgramCode.width" value="1410"/>
		<field id="eventProgramCodeTranslation" type="intarray" alias="eventProgramCode.translation" value="[110,50]"/>
		<field id="eventProgramCodeHorizAlign" type="string" alias="eventProgramCode.horizAlign" value="left"/>
		<field id="eventProgramCodeVertAlign" type="string" alias="eventProgramCode.vertAlign" value="center"/> 
		<field id="eventProgramCodeWrap" type="boolean" alias="eventProgramCode.wrap" value="true"/>
		<field id="eventProgramCodeColor" type="color" alias="eventProgramCode.color" value="#3461b2"/>
		<field id="eventProgramCodeVisibility" type="boolean" alias="eventProgramCode.visible" value="false"/>
		<field id="eventProgramCode" type="assocarray" onChange="changeFontBase"/>

		<!-- ******************************* EVENT NAME ******************************* -->
		<field id="eventNameHeight" type="Integer" alias="eventName.height" value="100"/>
		<field id="eventNameWidth" type="Integer" alias="eventName.width" value="1400"/>
		<field id="eventNameTranslation" type="intarray" alias="eventName.translation" value="[110,100]"/>
		<field id="eventNameHorizAlign" type="string" alias="eventName.horizAlign" value="left"/>
		<field id="eventNameVertAlign" type="string" alias="eventName.vertAlign" value="center"/> 
		<field id="eventNameWrap" type="boolean" alias="eventName.wrap" value="true"/>
		<field id="eventNameColor" type="color" alias="eventName.color" value="#ffffff"/>
		<field id="eventNameVisibility" type="boolean" alias="eventName.visible" value="true"/>
		<field id="eventName" type="assocarray" onChange="changeFontBase"/>
		<field id="eventNameFontSize" type="int" value="22"/> 

		<!-- ******************************* CONTENT DESCRIPTION ******************************* -->
		<field id="contentDescriptionHeight" type="Integer" alias="contentDescription.height" value="150"/>
		<field id="contentDescriptionWidth" type="Integer" alias="contentDescription.width" value="900"/>
		<field id="contentDescriptionTranslation" type="intarray" alias="contentDescription.translation" value="[110,280]"/>
		<field id="contentDescriptionHorizAlign" type="string" alias="contentDescription.horizAlign" value="left"/>
		<field id="contentDescriptionVertAlign" type="string" alias="contentDescription.vertAlign" value="center"/> 
		<field id="contentDescriptionWrap" type="boolean" alias="contentDescription.wrap" value="true"/>
		<field id="contentDescriptionColor" type="color" alias="contentDescription.color" value="#ffffff"/>
		<field id="contentDescriptionVisibility" type="boolean" alias="contentDescription.visible" value="true"/>
		<field id="contentDescriptionNumLines" type="Integer" alias="contentDescription.numLines" value="3"/>
		<field id="contentDescriptionLineSpacing" type="Integer" alias="contentDescription.lineSpacing"/>
		<field id="contentDescription" type="assocarray" onChange="changeFontBase"/>

		<!-- ******************************* blackout DESCRIPTION ******************************* -->
		<field id="blackOutDescriptionHeight" type="Integer" alias="blackOutDescription.height" value="30"/>
		<field id="blackOutDescriptionWidth" type="Integer" alias="blackOutDescription.width" value="800"/>
		<field id="blackOutDescriptionTranslation" type="intarray" alias="blackOutDescription.translation" value="[110,280]"/>
		<field id="blackOutDescriptionHorizAlign" type="string" alias="blackOutDescription.horizAlign" value="left"/>
		<field id="blackOutDescriptionVertAlign" type="string" alias="blackOutDescription.vertAlign" value="top"/> 
		<field id="blackOutDescriptionWrap" type="boolean" alias="blackOutDescription.wrap" value="true"/>
		<field id="blackOutDescriptionColor" type="color" alias="blackOutDescription.color" value="#FFFFFF"/>
		<field id="blackOutDescriptionVisibility" type="boolean" alias="blackOutDescription.visible" value="false"/>
		<field id="blackOutDescriptionNumLines" type="Integer" alias="blackOutDescription.numLines" value="1"/>
		<field id="blackOutDescription" type="assocarray" onChange="changeFontBase"/>

		<!-- ******************************* EVENT DATE ******************************* -->
		<field id="eventDateHeight" type="Integer" alias="eventDate.height" value="30"/>
		<field id="eventDateWidth" type="Integer" alias="eventDate.width" value="600"/>
		<field id="eventDateTranslation" type="intarray" alias="eventDate.translation" value="[110,200]"/>
		<field id="eventDateHorizAlign" type="string" alias="eventDate.horizAlign" value="left"/>
		<field id="eventDateVertAlign" type="string" alias="eventDate.vertAlign" value="center"/> 
		<field id="eventDateWrap" type="boolean" alias="eventDate.wrap" value="true"/>
		<field id="eventDateColor" type="color" alias="eventDate.color" value="#3461b2"/>
		<field id="eventDateVisibility" type="boolean" alias="eventDate.visible" value="false"/>
		<field id="eventDate" type="assocarray" onChange="changeFontBase"/>
		<field id="eventDateFontSize" type="int" value="26"/> 

		<!-- ******************************* EVENT LOCATION ******************************* -->
		<field id="eventLocationHeight" type="Integer" alias="eventLocation.height" value="30"/>
		<field id="eventLocationWidth" type="Integer" alias="eventLocation.width" value="800"/>
		<field id="eventLocationTranslation" type="intarray" alias="eventLocation.translation" value="[111,230]"/>
		<field id="eventLocationHorizAlign" type="string" alias="eventLocation.horizAlign" value="left"/>
		<field id="eventLocationVertAlign" type="string" alias="eventLocation.vertAlign" value="center"/>
		<field id="eventLocationColor" type="color" alias="eventLocation.color" value="#ffffff"/>
		<field id="eventLocationVisibility" type="boolean" alias="eventLocation.visible" value="true"/>
		<field id="eventLocation" type="assocarray" onChange="changeFontBase"/>
		<field id="eventLocationFontSize" type="int" value="26"/> 

		<!-- ******************************* EVENT BUTTON ******************************* -->
		<field id="eventButtonHeight" type="Integer" alias="eventButton.height" value="65"/>
		<field id="eventButtonWidth" type="Integer" alias="eventButton.width" value="275"/>
		<field id="eventButtonTranslation" type="intarray" alias="eventButton.translation" value="[111, 432]"/>
		<field id="eventButtonUri" type="uri"/>
		<field id="eventButtonVisibility" type="boolean" alias="" value=""/>

		<!-- ******************************* EVENT BUTTON LABEL ******************************* -->
		<field id="eventButtonLabelHeight" type="Integer" alias="eventButtonLabel.height" value="66"/>
		<field id="eventButtonLabelWidth" type="Integer" alias="eventButtonLabel.width" value="276"/>
		<field id="eventButtonLabelHorizAlign" type="string" alias="eventButtonLabel.horizAlign" value="center"/>
		<field id="eventButtonLabelVertAlign" type="string" alias="eventButtonLabel.vertAlign" value="center"/>
		<field id="eventButtonLabelColor" type="color" alias="" value="#ffffff"/>
		<field id="eventButtonLabel" type="assocarray" onChange="changeFontBase"/>

		<!-- ******************************* FOCUSED EVENT BUTTON ******************************* -->
		<field id="focusedEventButtonHeight" type="Integer" alias="focusedEventButton.height" value="65"/>
		<field id="focusedEventButtonWidth" type="Integer" alias="focusedEventButton.width" value="275"/>
		<field id="focusedEventButtonTranslation" type="intarray" alias="focusedEventButton.translation" value="[111, 432]"/>
		<field id="focusedEventButtonUri" type="uri"/>
		<field id="focusedEventButtonVisibility" type="boolean" alias="" value=""/>

		<!-- ******************************* FOCUSED EVENT BUTTON LABEL ******************************* -->
		<field id="focusedEventButtonLabelHeight" type="Integer" alias="focusedEventButtonLabel.height" value="66"/>
		<field id="focusedEventButtonLabelWidth" type="Integer" alias="focusedEventButtonLabel.width" value="276"/>
		<field id="focusedEventButtonLabelHorizAlign" type="string" alias="focusedEventButtonLabel.horizAlign" value="center"/>
		<field id="focusedEventButtonLabelVertAlign" type="string" alias="focusedEventButtonLabel.vertAlign" value="center"/>
		<field id="focusedEventButtonLabelColor" type="color" alias="" value="#ffffff"/>
		<field id="focusedEventButtonLabel" type="assocarray" onChange="changeFontBase"/>

		<!-- ************************************************************** -->
		<!-- EVENT BUTTON RECTANGLE -->
		<!-- ************************************************************** -->
		<field id="eventButtonRectHeight" type="Integer" alias="eventButtonRect.height" value="87"/>
		<field id="eventButtonRectWidth" type="Integer" alias="eventButtonRect.width" value="501"/>
		<field id="eventButtonRectTranslation" type="intarray" alias="eventButtonRect.translation" value="[111,432]"/>
		<field id="eventButtonRectVisibility" type="boolean" alias="" value=""/>
		<field id="eventButtonRectColor" type="color" alias="" value=""/>
		<field id="eventButtonRectColorFocused" type="color" alias=""/>
		<field id="eventButtonRectCursorVisibility" type="boolean" value="false"/>

		<!-- ******************************* EVENT BUTTON RECTANGLE LABEL ******************************* -->
		<field id="eventButtonRectLabelHeight" type="Integer" alias="eventButtonRectLabel.height" value="87"/>
		<field id="eventButtonRectLabelWidth" type="Integer" alias="eventButtonRectLabel.width" value="500"/>
		<field id="eventButtonRectLabelHorizAlign" type="string" alias="eventButtonRectLabel.horizAlign" value="center"/>
		<field id="eventButtonRectLabelVertAlign" type="string" alias="eventButtonRectLabel.vertAlign" value="center"/>
		<field id="eventButtonRectLabelColor" type="color" alias="eventButtonRectLabel.color" value="#ffffff"/>
		<field id="eventButtonRectLabel" type="assocarray" onChange="changeFontBase"/>
		<field id="eventButtonRectLabelFontSize" type="int" value="34"/> 

		<!-- ******************************* FOCUSED EVENT BUTTON RECTANGLE ******************************* -->

		<field id="focusedEventButtonRectHeight" type="Integer" alias="focusedEventButtonRect.height" value="87"/>
		<field id="focusedEventButtonRectWidth" type="Integer" alias="focusedEventButtonRect.width" value="501"/>
		<field id="focusedEventButtonRectTranslation" type="intarray" alias="focusedEventButtonRect.translation" value="[111,432]"/>
		<field id="focusedEventButtonRectVisibility" type="boolean" alias="" value=""/>
		<field id="focusedEventButtonRectColor" type="color" alias="" value=""/>
		<field id="focusedEventButtonRectColorFocused" type="color" alias=""/>
		<field id="focusedEventButtonRectCursorVisibility" type="boolean" value="false"/>

		<!-- ******************************* FOCUSED EVENT BUTTON RECTANGLE LABEL ******************************* -->
		<field id="focusedEventButtonRectLabelHeight" type="Integer" alias="focusedEventButtonRectLabel.height" value="87"/>
		<field id="focusedEventButtonRectLabelWidth" type="Integer" alias="focusedEventButtonRectLabel.width" value="500"/>
		<field id="focusedEventButtonRectLabelHorizAlign" type="string" alias="focusedEventButtonRectLabel.horizAlign" value="center"/>
		<field id="focusedEventButtonRectLabelVertAlign" type="string" alias="focusedEventButtonRectLabel.vertAlign" value="center"/>
		<field id="focusedEventButtonRectLabelColor" type="color" alias="focusedEventButtonRectLabel.color" value="#ffffff"/>
		<field id="focusedEventButtonRectLabel" type="assocarray" onChange="changeFontBase"/>
		<field id="focusedEventButtonRectLabelFontSize" type="int" value="34"/> 

		<!-- ******************************* PROGRAM WATCH PROGRESS******************************* -->
		<field id="isResumePointSupported" type="boolean" value="false"/>

		<!--************************************** CATEGORY LAYOUT VARIABLES **************************************-->
		<field id="categoryEventImageVisibility" type="boolean" value="true"/>
		<field id="categoryEventImageHeight" type="float" value="300"/>
		<field id="categoryEventImageWidth" type="float" value="600"/>
		<field id="categoryEventImageOpacity" type="float" value="1"/>
		<field id="categoryEventImageTranslation" type="vector2d" value="[1200,100]"/>

		<field id="categoryEventBgImageVisibility" type="boolean" value="true"/>
		<field id="categoryEventBgImageHeight" type="float" value="500"/>
		<field id="categoryEventBgImageWidth" type="float" value="1920"/>
		<field id="categoryEventBgImageOpacity" type="float" value="1"/>
		<field id="categoryEventBgImageTranslation" type="vector2d" value="[0,0]"/>
		<field id="categoryEventBgImageBlendColor" type="color"/>
		<field id="categoryEventBgLoadDisplayMode" type="string" value="scaleToZoom"/>

		<field id="categoryEventBgImageDarkenerVisibility" type="boolean" value="true"/>
		<field id="categoryEventBgImageDarkenerHeight" type="float" value="500"/>
		<field id="categoryEventBgImageDarkenerWidth" type="float" value="1920"/>
		<field id="categoryEventBgImageDarkenerOpacity" type="float" value="0.9"/>

		<field id="categoryEventProgramCodeVisibility" type="boolean" value="false"/>
		<field id="categoryEventLocationVisibility" type="boolean" value="false"/>
		<field id="categoryEventButtonVisibility" type="boolean" value="false"/>
		<field id="categoryEventButtonRectVisibility" type="boolean" value="false"/>
		<field id="categoryEventButtonRectCursorOpacity" type="float" value="0"/>
		<field id="categoryContentDescriptionVertAlign" type="string" value="top"/>
		<field id="categoryContentDescriptionTranslation" type="vector2d" value="[110,230]"/>
		<field id="categoryContentDescriptionHeight" type="float" value="150"/>
		<field id="categoryContentDescriptionWidth" type="float" value="900"/>
		<field id="categoryCountdownTimerVisibility" type="boolean" value="false"/> 
		<field id="categoryDateVisibility" type="boolean" value="false"/>
		<field id="categoryListTranslation" type="vector2d" value="[111, 531]"/>

		<!--************************************** VIDEO LAYOUT VARIABLES **************************************-->
		<field id="bgImageHeight" type="float" value="570"/>
		<field id="imageTranslation" type="vector2d" value="[1200, 200]"/>
		<field id="programCodeVisibility" type="boolean" value="true"/>
		<field id="dateVisibility" type="boolean" value="true"/>
		<field id="contentDescriptionTranslationVar" type="vector2d" value="[111, 280]"/>
		<field id="contentDescriptionVertAlignVar" type="string" value="top"/>
		<field id="listTranslation" type="vector2d" value="[110,615]"/>
		<field id="nameLineSpacing" type="float" value="0.3"/>
		<field id="imageVisibility" type="boolean" value="true"/>
		<field id="bgImageVisibility" type="boolean" value="false"/>

		<!--************************************** LIVE LAYOUT VARIABLES **************************************-->
		<field id="liveImageVisibility" type="boolean" value="false"/>
		<field id="liveBgImageVisibility" type="boolean" value="true"/>
		<field id="liveBgImageDarkenerVisibility" type="boolean" value="true"/>
		<field id="liveBgImageDarkenerOpacity" type="float" value="0.6"/>
		<field id="liveBgImageDarkenerHeight" type="float" value="570"/>
		<field id="timerBgColor" type="color" value="#ff0000"/>
		<field id="timerTranslation" type="vector2d" value="[162, 366]"/>
		<field id="timerBgHeight" type="float" value="87"/>
		<field id="timerBgTranslation" type="vector2d" value="[102, 42]"/>

		<!--************************************** EVENTS MARKUPLIST  **************************************-->
		<field id="markupListItemComponentName" type="string" alias="eventsMarkupList.itemComponentName" value="scheduleItem"/>
		<field id="markupListTranslation" type="vector2d" alias="eventsMarkupList.translation" value="[750, 201]"/>
		<field id="markupListItemSize" type="vector2d" alias="eventsMarkupList.itemSize" value="[1020, 180]"/>
		<field id="markupListItemSpacing" type="vector2d" alias="eventsMarkupList.itemSpacing" value="[0, 30]"/>
		<field id="markupListNumRows" type="integer" alias="eventsMarkupList.numRows" value="8"/>
		<field id="markupListDrawFocusFeedback" type="boolean" alias="eventsMarkupList.drawFocusFeedback" value="true"/>
		<field id="markupListDrawFocusFeedbackOnTop" type="boolean" alias="eventsMarkupList.drawFocusFeedbackOnTop" value="true"/>
		<field id="markupListFocusBitmapUri" type="string" alias="eventsMarkupList.focusBitmapUri" value=""/>
		<field id="markupListFocusBitmapBlendColor" type="color" alias="eventsMarkupList.focusBitmapBlendColor" value="#ffffff"/>

		<!-- ******************************* EVENTS ROWLIST ******************************* -->
		<field id="eventsListTranslation" type="intarray" alias="eventsList.translation" value="[110,615]"/>
		<field id="eventsListItemComponentName" type="string" alias="eventsList.itemComponentName" value="dlRowListItem"/>
		<field id="eventsListItemSize" type="intarray" alias="eventsList.itemSize" value="[1701, 291]"/>
		<field id="eventsListRowHeights" type="float" alias="eventsList.rowHeights" value=""/>
		<field id="eventsListItemSpacing" type="intarray" alias="eventsList.itemSpacing" value="[0,50]"/>
		<field id="eventsListRowItemSize" type="array" alias="eventsList.rowItemSize" value="[[321, 213]]"/>
		<field id="eventsListRowItemSpacing" type="intarray" alias="eventsList.rowItemSpacing" value="[[27,0]]"/>
		<field id="eventsListRowLabelOffset" type="array" alias="eventsList.rowLabelOffset" value="[[0,12]]"/>
		<field id="eventsListShowRowLabel" type="array" alias="eventsList.showRowLabel" value="[true]"/>
		<field id="eventsListShowRowCounter" type="array" alias="eventsList.showRowCounter" value="[true]"/>
		<field id="eventsListNumRows" type="Integer" alias="eventsList.numRows" value="5"/>
		<field id="eventsListRowLabelColor" type="color" alias="eventsList.rowLabelColor" value="#000000"/>
		<field id="eventsListDrawFocusFeedback" type="boolean" alias="eventsList.drawFocusFeedback" value="true"/>
		<field id="eventsListFocusBitmapUri" type="uri" alias="eventsList.focusBitmapUri" value=""/>
		<field id="eventsListFocusBitmapBlendColor" type="color" alias="eventsList.focusBitmapBlendColor" value=""/>
		<field id="eventsListVertFocusAnimationStyle" type="string" alias="eventsList.vertFocusAnimationStyle" value="fixedFocus"/>
		<field id="eventsListRowFocusAnimationStyle" type="string" alias="eventsList.rowFocusAnimationStyle" value="fixedFocusWrap"/>
		<field id="eventsList" type="assocarray" onChange="changeFontBase"/>
		<field id="eventsListRowLabelFontSize" type="int" value="24"/> 

		<!-- ******************************* LOADING INDICATOR ******************************* -->
		<field id="loadingIndicatorControl" type="string" alias="loadingIndicator.control" value="stop"/>
		<field id="loadingIndicatorImageUri" type="uri" alias="loadingIndicator.imageUri" value="pkg:/components/CED-Roku-Components/LoadingIndicator/loader-2.png"/>
		<field id="loadingIndicatorImageWidth" type="float" alias="loadingIndicator.imageWidth" value="75"/>
		<field id="loadingIndicatortextColor" type="color" alias="loadingIndicator.textColor" value="#ffffff"/>
		<field id="loadingIndicatorBackgroundColor" type="color" alias="loadingIndicator.backgroundColor" value="#000000"/>
		<field id="loadingIndicatorBackgroundOpacity" type="float" alias="loadingIndicator.backgroundOpacity" value="0.5"/>
    	<field id="loadingIndicatorText" type="string" alias="loadingIndicator.text" value=""/>

		<!-- ******************************* PERSONALIZATION MG ******************************* -->

		<field id="mgColumnWidths" type="array" alias="personalization.mgColumnWidths"/>
    <field id="mgColumnSpacings" type="array" alias="personalization.mgColumnSpacings"/>
    <field id="mgDrawFocusFeedback" type="boolean" alias="personalization.mgDrawFocusFeedback"/>
    <field id="mgFocusBitmapBlendColor" type="color" alias="personalization.mgFocusBitmapBlendColor"/>
    <field id="mgFocusBitmapUri" type="uri" alias="personalization.mgFocusBitmapUri"/>
    <field id="mgHorizFocusAnimationStyle" type="string" alias="personalization.mgHorizFocusAnimationStyle"/>
    <field id="mgItemSize" type="vector2d" alias="personalization.mgItemSize"/>
    <field id="mgItemSpacing" type="vector2d" alias="personalization.mgItemSpacing"/>
		<field id="mgItemComponentName" type="string" alias="personalization.mgItemComponentName" value="personalizationItem"/>
    <field id="mgNumColumns" type="float" alias="personalization.mgNumColumns"/>
    <field id="mgNumRows" type="float" alias="personalization.mgNumRows"/>
    <field id="mgRowHeights" type="floatarray" alias="personalization.mgRowHeights"/>
    <field id="mgRowSpacings" type="intarray" alias="personalization.mgRowSpacings"/>
    <field id="mgTranslation" type="vector2d" alias="personalization.mgTranslation"/>
    <field id="mgVertFocusAnimationStyle" type="string" alias="personalization.mgVertFocusAnimationStyle"/>
    <field id="mgVisible" type="boolean" alias="personalization.mgVisible"/>

    <!--************************************** PERSONALIZATION POPUP NOTIFICATION RECT **************************************-->
		<field id="popupNotificationTranslation" type="vector2d" alias="personalization.popupNotificationTranslation"/>
		<field id="popupNotificationHeight" type="float" alias="personalization.popupNotificationHeight"/>
		<field id="popupNotificationWidth" type="float" alias="personalization.popupNotificationWidth"/>
		<field id="popupNotificationColor" type="color" alias="personalization.popupNotificationColor"/>
		<field id="popupNotificationOpacity" type="float" alias="personalization.popupNotificationOpacity"/>

		<!--************************************** PERSONALIZATION POPUP NOTIFICATION TEXT**************************************-->
		<field id="popupTextHeight" type="float" alias="personalization.popupTextHeight"/>
		<field id="popupTextWidth" type="float" alias="personalization.popupTextWidth"/>
		<field id="popupTextColor" type="color" alias="personalization.popupTextColor"/>
		<field id="popupTextHorizAlign" type="string" alias="personalization.popupTextHorizAlign"/>
		<field id="popupTextVertAlign" type="string" alias="personalization.popupTextVertAlign"/>
		<field id="popupText" type="assocarray" alias="personalization.popupText"/>



	</interface>

	<script type="text/brightscript" uri="pkg:/components//CED-Roku-Components/detailsScene/detailsStyles.brs" />
	<script type="text/brightscript" uri="pkg:/components//CED-Roku-Components/detailsScene/detailsScene.brs" />
	<script type="text/brightscript" uri="pkg:/source/nodeHelper.brs" />
	<script type="text/brightscript" uri="pkg:/source/dateParser.brs" />
	<script type="text/brightscript" uri="pkg:/source/itemParser.brs" />
	<script type="text/brightscript" uri="pkg:/source/generalUtils.brs" />
	<script type="text/brightscript" uri="pkg:/source/loadMore.brs" />
	<script type="text/brightscript" uri="pkg:/components/CED-Roku-Components/showDialogBox.brs"/>

	<children>

		<Poster id="eventBgImage" />

		<Rectangle id="eventBgImageDarkener" />

		<Poster id="eventImage"/>

		<Poster id="eventImageDarkener" uri="pkg://images/newGradientBlack.png" opacity="1"/>

		<Label id="eventProgramCode" font="font:SmallBoldSystemFont"
			/>

		<Label id="eventName"
				font="font:LargeBoldSystemFont"
			/>
		
		<Label id="blackOutDescription"
				font="font:SmallBoldSystemFont"
			/>

		<Label id="contentDescription"
				font="font:SmallBoldSystemFont"
			/>

		<Label id="eventDate" 
				font="font:SmallSystemFont"
			/>

		<Label id="eventLocation" 
				font="font:SmallSystemFont"
			/>
		<!-- ========================================================= -->

		<Group id="eventButtonRectangle">
			<Rectangle
				id="eventButtonRect" visible="false">
				<Label id="eventButtonRectLabel" font="font:MediumBoldSystemFont"/>
			</Rectangle>

			<Rectangle
				id="focusedEventButtonRect" visible="false">
				<Label id="focusedEventButtonRectLabel" font="font:MediumBoldSystemFont"/>
			</Rectangle>
		</Group>

		<!-- ========================================================= -->

		<Group id="eventButtonPoster">
			<Poster id="eventButton" visible="false">
				<Label id="eventButtonLabel" font="font:MediumSystemFont"/>
			</Poster>

			<Poster id="focusedEventButton" visible="false">
				<Label id="focusedEventButtonLabel" font="font:MediumSystemFont"/>
			</Poster>
		</Group>

		<!-- ========================================================= -->

		<Personalization
			id="personalization"
		/>

		<!-- ========================================================= -->


		<RowList id="eventsList" />

		<MarkupList id="eventsMarkupList"/>

		<CountdownTimer
				id="countdownTimer"
				visible="false"/>

		<Group id = "eventButtonRectCursor" opacity = "0.0" >
			<Rectangle 
				width = "330" 
				height = "5" 
				color = "#FF0000"
				translation = "[ 111, 432 ]" />
			<Rectangle 
				width = "5" 
				height = "80" 
				color = "#FF0000"
				translation = "[ 111, 432 ]" />
			<Rectangle 
				width = "5" 
				height = "80" 
				color = "#FF0000"
				translation = "[ 436, 432 ]" />
			<Rectangle 
				width = "330" 
				height = "5" 
				color = "#FF0000"
				translation = "[ 111, 507 ]" />
		</Group>

		<LoadingIndicator
			id="loadingIndicator"
			imageUri=""
			clockwise="true"
			spinInterval="1"
			fadeInterval="0.5"
			spacing="20"
			text=""
			width="1920"
			height="1080"
			centered="false"
			translation="[0, 0]"
			textPadding="10"
			font="font:SmallBoldSystemFont"
			backgroundColor="#000000"
			backgroundOpacity=".5"/>


		<SubscriptionDialog
			id="subscriptionDialog"
			visible="false"
			/>

		<Timer
			id="refreshTimer"
			repeat="true"
			duration="60"/>

	</children>
</component>