<?xml version="1.0" encoding="utf-8"?>

<component name="Menu" extends="Group">

	<interface>
	<!-- ============================================================================================ -->
	<!-- ============================================================================================ -->
	<!-- General Fields -->
	<!-- ============================================================================================ -->
	<!-- ============================================================================================ -->
    <field id="hasAccess" type="boolean"/>
    <field id="searchContent" type="node"/>
    <field id="contentNodeToShow" type="node"/>
    <field id="layout" type="string" value="vert"/>
    <field id="initMenu" type="boolean" alwaysNotify="true" onChange="initMenu"/>
    <field id="focusSearch" type="boolean" alwaysNotify="true" onChange="focusSearch"/>
    <field id="resetMenuFocus" type="boolean" alwaysNotify="true" onChange="resetMenuFocus"/>
    <field id="jumpToPosition" type="array" alwaysNotify="true" onChange="jumpToPosition"/>

	<!-- ============================================================================================ -->
	<!-- ============================================================================================ -->
	<!-- Horiz Menu -->
	<!-- ============================================================================================ -->
	<!-- ============================================================================================ -->

	<!-- ============================================================================================ -->
	<!-- Background -->
	<!-- ============================================================================================ -->
	<field id="bgHeight" type="float" value="150"/>
    <field id="bgWidth" type="float" value="1920"/>
    <field id="bgOpacity" type="float" value="1.0"/>
    <field id="bgColor" type="color" value="#FF0000"/>
    <field id="bgVisible" type="boolean" value="false"/>
    <field id="bgTranslation" type="vector2d" value="[0, 0]"/>
    <!-- ============================================================================================ -->
	<!-- Logo -->
	<!-- ============================================================================================ -->
	<field id="logoHeight" type="float" value="50"/>
    <field id="logoWidth" type="float" value="150"/>
    <field id="logoVisible" type="boolean"  value="true"/>
    <field id="logoTranslation" type="vector2d" value="[110,75]"/>
    <field id="logoUri" type="string" value="pkg:/images/MenuLogo.png" onChange="buildMenuLogo"/>

    <!-- ============================================================================================ -->
    <!-- RowList -->
    <!-- ============================================================================================ -->
    <field id="rlFocusBitmapUri" type="string" value=""/>
    <field id="rlShowRowLabel" type="boolean" value="false"/>
    <field id="rlShowRowCounter" type="boolean" value="false"/>
    <field id="rlItemSize" type="vector2d" value="[1200, 80]"/>
    <field id="rlRowItemSize" type="string" value="[[200,50]]"/>
    <field id="rlTranslation" type="vector2d" value="[402, 80]"/>
    <field id="rlRowItemSpacing" type="string" value="[[40,0]]"/>
    <field id="rlDrawFocusFeedback" type="boolean" value="false"/>
    <field id="rlDrawFocusFeedbackOnTop" type="boolean" value="false"/>
    <field id="rlItemComponentName" type="string" value="TopMenuItem"/>
    <field id="rlRowFocusAnimationStyle" type="string" value="floatingFocus"/>
    <field id="rowItemSelected" type="intarray" alwaysNotify="true" onChange=""/>
    <field id="rowItemFocused" 	type="intarray" alwaysNotify="true" onChange=""/>

    <!-- ============================================================================================ -->
	<!-- Search Poster -->
	<!-- ============================================================================================ -->
    <field id="searchUri" type="string" value=""/>
    <field id="searchWidth" type="float" value="40"/>
    <field id="searchHeight" type="float" value="40"/>
    <field id="searchVisible" type="boolean" value="true"/>
    <field id="searchTranslation" type="vector2d" value="[1755, 80]"/>

    <!-- ============================================================================================ -->
	<!-- Search Poster Focused -->
	<!-- ============================================================================================ -->
    <field id="searchFocusedUri" type="string" value=""/>
    <field id="searchFocusedWidth" type="float" value="70"/>
    <field id="searchFocusedHeight" type="float" value="70"/>
    <field id="searchFocusedTranslation" type="vector2d" value="[1740, 62]"/>

    <!-- ============================================================================================ -->
	<!-- Vertical Menu -->
	<!-- ============================================================================================ -->
	<!-- ============================================================================================ -->

	<!-- ============================================================================================ -->
	<!-- Shadow -->
	<!-- ============================================================================================ -->
	<field id="shadowHeight" type="float" value="1080"/>
	<field id="shadowWidth" type="float" value="1920"/>
    <field id="shadowOpacity" type="float" value="0.75"/>
    <field id="shadowColor" type="color" value="#000000"/>
	<field id="shadowVisible" type="boolean" value="true"/>
    <field id="shadowTranslation" type="vector2d" value="[0,0]"/>

	<!-- ============================================================================================ -->
	<!-- Menu Markup List -->
	<!-- ============================================================================================ -->
    <field id="mlVisible" type="boolean" value="true"/>
    <field id="mlDrawFocus" type="boolean" value="false"/>
    <field id="mlItemSize" type="vector2d" value="[540,80]"/>
    <field id="mlItemSpacing" type="vector2d" value="[10,5]"/>
    <field id="mlTranslation" type="vector2d" value="[0,170]"/>
    <field id="mlVertFocus" type="string" value="floatingFocus"/>
    <field id="mlFocusBitmapBlendColor" type="color" value="#ff0000"/>
    <field id="mlItemComponentName" type="string" value="HomeMenuItem"/>

	<!-- ============================================================================================ -->
	<!-- Sub Menu Markup List -->
	<!-- ============================================================================================ -->
    
    <field id="subMenuVisible" type="boolean" value="false"/>
    <field id="subMenuDrawFocus" type="boolean" value="false"/>
    <field id="subMenuItemSize" type="vector2d" value="[540,80]"/>
    <field id="subMenuItemSpacing" type="vector2d" value="[10,5]"/>
    <field id="subMenuTranslation" type="vector2d" value="[0,170]"/>
    <field id="subMenuVertFocus" type="string" value="floatingFocus"/>
    <field id="subMenuItemComponentName" type="string" value="HomeMenuItem"/>
    <field id="subMenuFocusBitmapBlendColor" type="color" value="0x252525FF"/>

	<!-- ============================================================================================ -->
	<!-- Sub Menu Markup List -->
	<!-- ============================================================================================ -->
   	<field id="searchAndSettingsMenuVisible" type="boolean" value="true"/>
    <field id="searchAndSettingsMenuDrawFocus" type="boolean" value="false"/>
    <field id="searchAndSettingsMenuItemSize" type="vector2d" value="[540,80]"/>
    <field id="searchAndSettingsMenuItemSpacing" type="vector2d" value="[10,5]"/>
    <field id="searchAndSettingsMenuTranslation" type="vector2d" value="[0,780]"/>
    <field id="searchAndSettingsMenuVertFocus" type="string" value="floatingFocus"/>
    <field id="searchAndSettingsMenuItemComponentName" type="string" value="HomeMenuItem"/>
    <field id="searchAndSettingsMenuFocusBitmapBlendColor" type="color" value="0x252525FF"/>

	</interface>

	<script type="text/brightscript" uri="pkg:/source/nodeHelper.brs" />
    <script type="text/brightscript" uri="pkg:/components/CED-Roku-Components/menuscene/menu.brs"/>
    
	<children>


	</children>

</component>