<?xml version = "1.0" encoding = "utf-8" ?>

<component name="dlRowListItem" extends="BaseSceneItemComponent">
	<interface > 
    <field id = "itemContent" type = "node" onChange = "showcontent"/>
    <field id = "focusPercent" type = "float" onChange = "showfocus"/> 
    <field id = "rowFocusPercent" type = "float" onChange = "showrowfocus"/>
    <field id = "rowListHasFocus" type = "boolean" onChange = "HandleHasFocus" alwaysnotify="true"/>  
  </interface>

  <script type="text/brightscript" uri="pkg:/source/nodeHelper.brs" />
  <script type="text/brightscript" uri="pkg:/source/dateParser.brs" />
  <script type="text/brightscript" uri="pkg:/source/itemParser.brs" />
  <script type="text/brightscript" uri="pkg:/source/generalUtils.brs" />
  <script type="text/brightscript">
    <![CDATA[
      sub init()
        '******************** dlRowListItemLarge ********************
        m.dlRowListItemLarge      = m.top.findNode("dlRowListItemLarge")
        'm.eventRect      = m.top.findNode("eventRect")
        m.eventPoster    = m.top.findNode("eventPoster") 
        m.titleLabel     = m.top.findNode("titleLabel")
        m.dateLabel      = m.top.findNode("dateLabel")
        m.locationLabel  = m.top.findNode("locationLabel")

        '******************** dlLiveEventItem ********************
        m.dlLiveEventItem = m.top.findNode("dlLiveEventItem")
        m.eventCountdownTimer = m.top.findNode("countdownTimer")
        m.eventPosterL = m.top.findNode("eventPosterL") 
        m.titleLabelL = m.top.findNode("titleLabelL")
        m.dateLabelL = m.top.findNode("dateLabelL")
        m.locationLabelL = m.top.findNode("locationLabelL")
        m.organizationLabelL = m.top.findNode("organizationlabelL")

        m.liveStateRectL = m.top.findNode("liveStateRectL")
        m.liveStateLabelL = m.top.findNode("liveStateLabelL")

        m.titleLabelL.font.size = 60
        m.dateLabelL.font.size = 24
        m.locationLabelL.font.size = 24
        m.organizationLabelL.font.size = 26
        m.liveStateLabelL.font.size = 22

        '******************** dlRowListItemSmall ********************
        m.dlRowListItemSmall = m.top.findNode("dlRowListItemSmall")

        m.eventPosterS = m.top.findNode("eventPosterS") 
        m.detailCategoryS = m.top.findNode("detailCategoryS")
        m.detailTitleS = m.top.findNode("detailTitleS")

        m.detailCategoryS.font.size = 18
        m.detailTitleS.font.size = 22

      end sub

      sub showcontent()
        itemContent       = m.top.itemContent

        if checkFakeItems(itemcontent)
          m.dlRowListItemSmall.visible = false
          m.dlRowListItemLarge.visible = false
          m.detailCategoryS.text = ""
          m.detailTitleS.text = ""
          return
        end if

        if(itemContent.displayType = "dlRowListItemLarge")
          '*************************** COMPONENT VISIBILITY ***************************
          m.dlRowListItemLarge.visible = true
          m.dlLiveEventItem.visible    = false
          m.dlRowListItemSmall.visible = false

          '*************************** ITEMCONTENT DATA ***************************'
          m.eventPoster.uri     = "pkg:/images/sampleImage.jpg"
          m.titleLabel.text     = "Episode Name" 'UCase(itemcontent.title)
          m.titleLabel.font.size = 60
          m.dateLabel.text 	    = "Jan 10 2018" 'itemcontent.subTitle
          m.dateLabel.font.size = 24
          m.locationLabel.text 	= "New York" 'itemcontent.description
          m.locationLabel.font.size = 24

        else if(itemContent.displayType = "dlLiveEventItem")
          '*************************** COMPONENT VISIBILITY ***************************
          m.dlRowListItemLarge.visible = false
          m.dlLiveEventItem.visible = true
          m.dlRowListItemSmall.visible = false

          '*************************** EVENT COUNTDOWN SETUP ***************************
          m.eventCountdownTimer.eventDate = itemcontent.beginDateTimeGMT
          '*************************** ITEMCONTENT DATA ***************************
          liveState = itemcontent.liveState 

          m.eventPosterL.uri  = "pkg:/images/sampleImage.jpg"

          if itemcontent.title <> invalid and itemcontent.title <> ""
            m.titleLabelL.text = "Episode Name" 'UCase(itemcontent.title)
          else if itemcontent.name <> invalid 
            m.titleLabelL.text = "Episode Name" 'UCase(itemcontent.name)
          end if

          m.dateLabelL.text  = "Jan 10 2018 10:00 PM" 'GetDateTimeFromISO(itemcontent.beginDateTime, "MMM d0, yyyy h0:mm tt")

          m.locationLabelL.text  = "New York" 'itemcontent.location
          m.organizationLabelL.text = "New York" 'itemcontent.programcode

          '*************************** EVENT STATUS BUTTON STYLE ***************************
          if liveState = 0
            m.liveStateRectL.color = "#FF0000"
            m.liveStateLabelL.color = "#ffffff"
            m.liveStateLabelL.text = m.global.dictionary.categories.names.upcomingC
          else if liveState = 1
            m.liveStateRectL.color = "#ff0000"
            m.liveStateLabelL.color = "#ffffff"
            if m.global.isLoggedIn = true
              m.liveStateLabelL.text = Ucase(m.global.dictionary.components.details.WatchLive)
            else
              m.liveStateLabelL.text = Ucase(m.global.dictionary.components.details.SignInToWatchLive)
            end if
          else if liveState = 2
            m.liveStateRectL.color = "#ffffff"
            m.liveStateLabelL.color = "#FF0000"
            m.liveStateLabelL.text = Ucase(m.global.dictionary.categories.names.onDemandC)
          end if
        else 'ROWLIST ITEM SMALL
          '*************************** COMPONENT VISIBILITY ***************************'
          m.dlRowListItemLarge.visible = false
          m.dlLiveEventItem.visible = false
          m.dlRowListItemSmall.visible = true

          if checkFakeItems(itemcontent)
            return
          else
            m.eventPosterS.uri  = "pkg:/images/sampleImage.jpg"
            if itemcontent.programcode <> invalid
              m.detailCategoryS.text = "Episode Name" 'itemcontent.programcode
            end if
            m.detailTitleS.text  = "Episode Name" 'itemcontent.title
          end if
        end if
      end sub

    ]]>

  </script>

	<children>
    <Group id="dlRowListItemLarge" visible="false">
        
			<Poster 
				id="eventPoster"
				height="550"
				width="1700"
				translation="[ 0, 0 ]" />

      <Rectangle 
        id="eventPosterDarkener"
        height="550"
        width="1700"
        translation="[0,0]"
        color="#000000"
        opacity=".25"
        />

			<Label 
	      id="titleLabel"
	      translation="[60, 100]"
	      color="#FFFFFF"
	      horizAlign="left"
	      width="800"
        linespacing=".5"
	      height="210"
	      wrap="true"
        font="dictionary:HeavyItalic"
	      />

	    <Label 
	      id="dateLabel"
	      translation="[60, 310]"
	      color="#FFFFFF"
	      horizAlign="left"
	      width="600"
	      height="30"
        font="dictionary:SemiBold"
	      />

	    <Label 
	      id="locationLabel"
	      translation="[60, 350]"
	      color="#FFFFFF"
	      horizAlign="left"
	      width="800"
        wrap="true"
	      height="200"
        font="dictionary:SemiBold"
	      />
  </Group>
  <Group id="dlLiveEventItem" visible="false">
    <Poster 
      id="eventPosterL"
      height="550"
      width="1700"
      translation="[ 0, 0 ]"
      loadDisplayMode="noScale" />

    <Rectangle 
      id="eventPosterDarkenerL"
      height="550"
      width="1700"
      translation="[0,0]"
      color="#000000"
      opacity=".25"
      />
    <Group 
      id="liveStateGroup"
      translation="[ 60, 81 ]">

      <Rectangle
        id="liveStateRectL"
        height="60"
        width="250"
        color="#FF0000"
        opacity=".6"/>

        <Label 
          id="liveStateLabelL"
          text="Live Now"
          color="#ffffff"
          height="60"
          width="250"
          opacity="1"
          vertAlign="center"
          horizAlign="center"
          font="dictionary:Heavy"
          />
    </Group>

    <Label 
      id="organizationLabelL"
      color="#FF0000"
      height="50"
      width="400"
      vertAlign="center"
      horizAlign="left"
      font="dictionary:Heavy"
      translation="[ 60, 150 ]"
      />

    <Label 
      id="titleLabelL"
      translation="[60, 200]"
      color="#FFFFFF"
      horizAlign="left"
      width="900"
      linespacing=".5"
      wrap="true"
      numLines="2"
      maxLines="2"
      font="dictionary:HeavyItalic"
      />

    <Label 
      id="dateLabelL"
      translation="[60, 370]"
      color="#FFFFFF"
      horizAlign="left"
      width="600"
      height="50"
      font="dictionary:SemiBold"
      />

    <Label 
      id="locationLabelL"
      translation="[60, 411]"
      color="#FFFFFF"
      horizAlign="left"
      width="600"
      height="102"
      font="dictionary:SemiBold"
      />

    <CountdownTimer
      id="countdownTimer"
      visible="false"
      timerBgTranslation="[102, 36]"
      timerBgColor="#FF0000"
      />

  </Group>
  <Group id="dlRowListItemSmall" visible="false">
    <Poster 
      id="placeholder"
      uri="pkg://images/placeholderSmall.jpg"
      height="192"
      width="312"
      translation="[ 0, 0 ]" 
      />
    <Poster 
      id="eventPosterS"
      height="192"
      width="312"
      translation="[ 0, 0 ]" 
      />

    <Rectangle
      id="eventDetailRectS"
      height="81"
      width="312"
      color="#ffffff"
      translation="[ 0, 189 ]">

      <Label 
        id="detailCategoryS"
        text=""
        color="#FF0000"
        height="21"
        width="281"
        translation="[12,12]"
        horizAlign="left"
        font="dictionary:Bold"
        />

      <Label 
        id="detailTitleS"
        linespacing=".5"
        text=""
        color="#000000"
        height="51"
        width="281"
        wrap="true"
        translation="[12,24]"
        horizAlign="left"
        font="dictionary:SemiBold"
        />

    </Rectangle>

  </Group>

	</children>

</component>