<?xml version="1.0" encoding="utf-8" ?>

<component name="PersonalizationItem" extends="Group">
	<interface>
		<field id="itemContent" type="node" onChange="showcontent"/>
    <field id="itemHasFocus" type="boolean" onChange="showFocus" alwaysnotify="true"/>
    <field id="isFound" type="boolean" onChange="toggleState" alwaysnotify="true"/>

	</interface>

  <script type="text/brightscript" uri="pkg:/source/generalUtils.brs" />

	<script type="text/brightscript">
		<![CDATA[

			sub init()
				m.rect 			= m.top.findNode("rect")
				m.poster 		= m.top.findNode("poster")
				m.label 		= m.top.findNode("label")
			end sub

			sub showContent()
				if m.top.itemContent <> invalid
					posterOrButtonHandler()
					'labelHandler()
				else 
					'Should there be an else to handle invalid itemContent?
				end if
			end sub

			sub showFocus()
				if m.top.itemHasFocus and m.top.itemContent <> invalid
					if m.top.itemContent.type = "poster"
						focusPoster()
					else if m.top.itemContent.type = "button"
						focusButton()
					end if
				else if not m.top.itemHasFocus and m.top.itemContent <> invalid
					if m.top.itemContent.type = "poster"
						removeFocusFromPoster()
					else if m.top.itemContent.type = "button"
						removeFocusFromButton()
					end if
				end if
			end sub

			sub posterOrButtonHandler()
				print "posterOrButtonHandler() running"

				if m.top.itemContent.type = "poster"
					'm.rect.visible = false
					m.poster.visible = true
					if m.top.itemContent.isFound 
						if m.top.itemHasFocus
							m.poster.uri = m.top.itemContent.removeFocusedUri
						else 
							m.poster.uri = m.top.itemContent.removeUri
						end if
					else if not m.top.itemContent.isFound
						if m.top.itemHasFocus
							m.poster.uri = m.top.itemContent.focusedUri
						else 
							m.poster.uri = m.top.itemContent.uri
						end if
					end if

				else if m.top.itemContent.type = "button"
					m.poster.visible = true
					m.rect.visible = true
					if m.top.itemContent.isFound 
						if m.top.itemHasFocus
							m.rect.color = m.top.itemContent.focusedColor
							m.poster.uri = m.top.itemContent.removeFocusedUri
						else 
							m.rect.color = m.top.itemContent.color
							m.poster.uri = m.top.itemContent.removeUri
						end if
					else if not m.top.itemContent.isFound
						if m.top.itemHasFocus
							m.rect.color = m.top.itemContent.focusedColor
							m.poster.uri = m.top.itemContent.focusedUri
						else 
							m.rect.color = m.top.itemContent.color
							m.poster.uri = m.top.itemContent.uri
						end if
					end if
				end if
			end sub

			sub labelHandler()
				print "labelHandler() running"
				if m.top.itemContent.name = "add"
					if m.top.itemContent.isFound
						m.label.text = m.global.dictionary.components.personalization.addedLabel
					else 
						m.label.text = m.global.dictionary.components.personalization.addLabel
					end if
				else if m.top.itemContent.name = "fav"
					if m.top.itemContent.isFound
						m.label.text = m.global.dictionary.components.personalization.favoritedLabel
					else 
						m.label.text = m.global.dictionary.components.personalization.favoriteLabel
					end if
				end if
				m.label.color = m.top.itemContent.labelColor
			end sub

			sub focusPoster()
				print "focusPoster() running"
				if m.top.itemContent.isFound
					m.poster.uri = m.top.itemContent.removeFocusedUri
				else if not m.top.itemContent.isFound
					m.poster.uri = m.top.itemContent.focusedUri
				end if
			end sub

			sub removeFocusFromPoster()
				print "removeFocusFromPoster() running"
				if m.top.itemContent.isFound
					m.poster.uri = m.top.itemContent.removeUri
				else if not m.top.itemContent.isFound
					m.poster.uri = m.top.itemContent.uri
				end if
			end sub

			sub focusButton()
				'TODO
				if m.top.itemContent.isFound
					m.rect.color = m.top.itemContent.focusedColor
					m.poster.uri = m.top.itemContent.removeFocusedUri
				else 
					m.rect.color = m.top.itemContent.focusedColor
					m.poster.uri = m.top.itemContent.focusedUri
				end if
			end sub

			sub removeFocusFromButton()
				'TODO
				if m.top.itemContent.isFound
					m.rect.color = m.top.itemContent.color
					m.poster.uri = m.top.itemContent.removeUri
				else 
					m.rect.color = m.top.itemContent.color
					m.poster.uri = m.top.itemContent.uri
				end if
			end sub

			sub toggleState()
				print "toggleState() running"
				'This function just has to change the URI of the poster or the styling when using the rect
				if m.top.itemContent.isFound <> invalid
					if m.top.itemContent.type = "poster"
						if m.top.itemHasFocus
							focusPoster()
						else 
							removeFocusFromPoster()
						end if
					else 
						if m.top.itemHasFocus
							focusButton()
						else 
							removeFocusFromButton()
						end if
					end if
					'labelHandler()
				end if
			end sub

		]]>
	</script>

	<children>

		<Rectangle id="rect"
			height="87"
			width="87">

			<Poster id="poster"
				height="42"
				width="42"
				translation="[21, 21]"
				/>

		</Rectangle>

		<!-- <LayoutGroup
			id="posterGroup"
			layoutDirection="vert"
			horizAlignment="center"
			translation="[75,0]"
			>
			<Poster 
				id="poster"
				height="70"
				width="70"
				/>

			<Label
				id="label"
				height="39"
				width="132"
				horizAlign="center"
				vertAlign="center"
				translation="[0,70]"
				font="font:SmallestSystemFont"
				/>
		</LayoutGroup> -->
	</children>

</component>