<?xml version = "1.0" encoding = "utf-8" ?>

<!--********** Copyright 2016 Roku Corp.  All Rights Reserved. **********-->
 
<component name = "scheduleItem" extends = "BaseSceneItemComponent" >
 
  <interface> 
    <field id = "itemContent" type = "node" onChange = "showcontent" />
    <field id = "focusPercent" type = "float" onChange = "showfocus" />
    <field id = "listHasFocus" type = "boolean" onChange = "HandleHasFocus" alwaysnotify="true"/>

    <field id="cursorColor" type="string" alwaysNotify="true" onChange="onCursorColorChanged"/> 
  </interface>
  <script type="text/brightscript" uri="pkg:/source/nodeHelper.brs" />
  <script type="text/brightscript" uri="pkg:/source/dateParser.brs" />
  <script type="text/brightscript" uri="pkg:/source/itemParser.brs" />
  <script type="text/brightscript" uri="pkg:/source/generalUtils.brs" />
  <script type = "text/brightscript" >

    <![CDATA[

    sub init()
      'm.itemcursor          = m.top.findNode("itemcursor")
      m.scheduleItemImage   = m.top.findNode("scheduleItemImage")
      m.eventName           = m.top.findNode("eventName")
      m.itemProgramCode     = m.top.findNode("itemProgramCode")
      m.itemDate            = m.top.findNode("itemDate")
      m.itemLocation        = m.top.findNode("itemLocation")
      m.itemRect            = m.top.findNode("itemRect")

      m.eventName.font.size       = 50
      m.itemProgramCode.font.size = 20
      m.itemDate.font.size        = 25
      m.itemLocation.font.size    = 25
    end sub

    sub showcontent()
      itemcontent                 = m.top.itemContent
      if checkFakeItems(itemcontent)
        m.itemRect.visible        = false
        m.eventName.visible       = false
        m.itemProgramCode.visible = false
        m.itemDate.visible        = false
        m.itemLocation.visible    = false
        itemcontent.FHDItemWidth  = 1700
        m.scheduleItemImage.uri   = ""
        return
      else 
        m.itemRect.visible        = true
        m.scheduleItemImage.uri   = "pkg:/images/sampleImage.jpg"
        m.eventName.text          = "Live Event Name" 'itemcontent.Title
        m.itemProgramCode.text    = "Live Event Code" 'itemcontent.programCode
        m.itemDate.text           = "Jan 10 2018 10:00 PM" 'GetDateTimeFromISO(itemcontent.beginDateTime, "MMM d0, yyyy h0:mm tt")
        m.itemLocation.text       = "New Yoek" 'itemcontent.location
        m.eventName.visible       = true
        m.itemProgramCode.visible = true
        m.itemDate.visible        = true
        m.itemLocation.visible    = true
      end if
    end sub

    sub showfocus()
    end sub

    sub HandleHasFocus()
    end sub

    sub onCursorColorChanged()
    end sub

    ]]>

  </script>

  <children>

      <Rectangle 
        id="itemRect"
        width = "1700" 
        height = "290" 
        color = "#1d242b"
        translation = "[ 0, 0 ]">

        <!-- <Poster 
          id="placeholderImage"
          height="290"
          width="460"
          uri="pkg://images/placeholderMedium.png"
          translation="[0,0]"/> -->

        <Poster 
          id="scheduleItemImage"
          height="290"
          width="460"
          translation="[0,0]"
          />
        
        <Label
          id="itemProgramCode"
          height="40"
          width="1200"
          translation="[480, 40]"
          color="#FF0000"
          font="dictionary:Bold"/>

        <Label
          id="eventName"
          height="80"
          width="1200"
          translation="[480, 65]"
          color="#ffffff"
          font="dictionary:HeavyItalic"/>

        <Label
          id="itemDate"
          height="30"
          width="500"
          translation="[480, 145]"
          color="#b0b0b0"
          font="dictionary:Regular"/>

        <Label
          id="itemLocation"
          height="30"
          width="702"
          translation="[480, 175]"
          color="#b0b0b0"
          font="dictionary:Regular"/>

      </Rectangle>
        



  </children>

</component>
