<?xml version="1.0" encoding="utf-8" ?> 
<!--********** Copyright 2016 Roku Corp.  All Rights Reserved. **********--> 

<!-- main node which handles welcome screen -->

<component name="HomeScene" extends="Scene">
	<interface>
    <field id="searchText" type="string" alwaysNotify="true" alias="searchScene.searchedText"/>
    <field id="state" type="string" alias="videoPlayer.state" onChange="onVideoPlayerStateChange" alwaysNotify="true"/>
    <!-- <field id="playContent" type="boolean" alias="detailsScene.playContent" alwaysNotify="true"/> -->
    <field id="playContent" type="boolean" alwaysNotify="true"/>
    <field id="navBackToScene" type="boolean" alias="videoPlayer.navBackToScene" onChange="navBackFromVideoScene" alwaysNotify="true" />
    <field id="publishPointError" type="boolean" alias="videoPlayer.publishPointError" onChange="onPublishPointError" alwaysNotify="true" />
    <field id="playBackError" type="boolean" alias="videoPlayer.playBackError" onChange="onPlayBackError" alwaysNotify="true" />

    <!-- Resume Point Field -->
    <field id="videoSeek" type="Integer" alias="detailsScene.videoSeek" value="0"/>

  </interface>
  <script type="text/brightscript" uri="pkg:/components/homescene/homescene.brs"/>
  <script type="text/brightscript" uri="pkg:/components/CED-Roku-Components/showDialogBox.brs"/>
  <script type="text/brightscript" uri="pkg:/components/CED-Roku-Components/sceneFields.brs"/>
  <script type="text/brightscript" uri="pkg:/source/nodeHelper.brs" />
  <script type="text/brightscript" uri="pkg:/source/setSceneFields.brs" />


    
  <children>

		<Rectangle
      id="fullBackground"
      color="#000000"
      width="1920"
      height="1080"
      translation="[0, 0]"
      visible="true"
		/>

		<Poster
      id="overhangMenuIcon"
      uri=""
      height="100"
      width= "200"
      translation= "[30, 1800]"
      visible= "true"/>

    <SettingsScene 
      id = "SettingsScene"
      visible = "false"
      translation = "[ 0, 0 ]"
      appIconHeight="92.5"
      appIconWidth="375"
      appIconTranslation="[112.5,140]"
      titleColor="#FFFFFF"
      cursorColor="#FF0000"
      authBoxColor="#000000"
      authTextTranslation="[50,250]"
      authButtonTranslation="[125, 500]"
      authButtonWidth="350"
      subscribeButtonColor="#ffffff"
      subscribeButtonTextColor="#000000"
      subscribeButtonCursorColor="#FF0000"
      />
      
    <SearchScene 
      id = "SearchScene"
      visible = "false"
      translation = "[ 0, 0 ]"
      submitButtonColor="#1d242b"
      searchLabelColor="#9f26b5"
      cursorColor="#9f26b5"
      />

    <contentScene      
      id="contentScene"
      visible="false" 
      translation="[0,0]"

      contentTitleColor="#FFFFFF"
      contentTitleTranslation="[110,60]"
      contentTitleVisible="true"

      rowListItemComponent="dlRowListItem"
      rowListRowItemSize="[[312,270]]"
      rowListItemSize="[1701,315]"
      rowListItemSpacing="[0,21]"
      rowListRowItemSpacing="[[36,0]]"
      rowListFocusBitmapUri="pkg://images/focusBitmapSmall2.9.png"
      rowListFocusBitmapBlendColor="#FF0000"
      rowListDrawFocus="true"
      rowListDrawFocusOnTop="true"
      rowListRowFocus="fixedFocusWrap"
      rowListTranslation="[111,126]"

      markupListItemSize="[1701, 291]"
      markupListTranslation="[111, 126]"
      markupListItemSpacing="[0, 42]"
      markupListFocusBitmapUri="pkg://images/focusBitmapSmall2.9.png"
      markupListFocusBitmapBlendColor="#FF0000"
      markupListDrawFocus="true"
      markupListDrawFocusOnTop="true"

      DLGridRowItemSize="[ [1701, 552], [312, 270], [1701, 552], [312, 270], [312, 270] ]"
      DLGridRowHeights="[ 552, 270, 552, 270, 270 ]"
      DLGridItemSpacing="[0,60]"
      DLGridRowItemSpacing="[36,0]"
      />

    <detailsSceneComp      
      id="detailsScene"
      visible="false" 
      translation="[0,0]" 

      buttonType="rect"

      mgTranslation="[650, 432]"
      mgItemSize="[87, 87]"

      useDefaultSignIn="true"
      showTimer="true"

      liveButtonFocusedColor="#ff0000"
      liveButtonColor="#ffffff"
      liveButtonTextFocusedColor="#ffffff"
      liveButtonTextColor="#ff0000"
      vodButtonFocusedColor="#9f26b5"
      vodButtonColor="#ffffff"
      vodButtonTextFocusedColor="#ffffff"
      vodButtonTextColor="#9f26b5"

      eventDateColor="#ffffff"

      eventsListRowItemSize="[[312,270]]"
      eventsListRowItemSpacing="[[36,0]]"
      eventsListFocusBitmapUri="pkg://images/focusBitmapSmall2.9.png"
      eventsListFocusBitmapBlendColor="#FF0000"
      eventsListRowLabelColor="#ffffff"
      eventbgImageExt="_eb"
      />

    <VideoScene
      id="videoPlayer"
      visible="false"
      barColor="#9f26b5"
      />

    <LoadingIndicator
      id="loadingIndicator"
      imageUri="pkg:/components/CED-Roku-Components/LoadingIndicator/loader-2.png"
      clockwise="true"
      spinInterval="1"
      fadeInterval="0.5"
      spacing="20"
      imageWidth="75"
      text="Loading"
      width="1920"
      height="1080"
      centered="false"
      translation="[0, 0]"
      textPadding="10"
      textColor="#ffffff"
      font="font:SmallBoldSystemFont"
      backgroundColor="#000000"
      backgroundOpacity=".4"
      control="start"/>

    <Menu
      id = "Menu"
      visible = "false"
      translation = "[ 0, 0 ]"
      layout="vert"

      bgHeight="1080"
      bgWidth="500"
      bgOpacity="0.8"
      bgColor="#1d242b"
      bgVisible="true"

      logoHeight="60"
      logoWidth="212"
      logoTranslation="[100,75]"

      mlTranslation="[40, 170]"
      subMenuTranslation="[40, 170]"
      searchAndSettingsMenuTranslation="[40, 780]"
      />

    <!-- **************************************************************************************** Animations  -->

    <Animation id="menuTranslationAnimation"
       duration="0.5"
       repeat="false"
       easeFunction="outExpo" 
       optional="true">
      <Vector2DFieldInterpolator id = "menuTranslation"
        key="[0.0, 1.0]"
        keyValue="[ [-500.0, 0.0], [0.0, 0.0] ]"
        fieldToInterp="MenuScene.translation" />
    </Animation>

    <Animation id="menuTranslationAnimationReverse"
       duration="0.5"
       repeat="false"
       easeFunction="inQuad" 
       optional="true">
      <Vector2DFieldInterpolator id = "menuTranslationReverse"
        key="[0.0, 1.0]"
        keyValue="[ [0.0, 0.0], [-500.0, 0.0] ]"
        fieldToInterp="MenuScene.translation" />
    </Animation>

    <!-- Scene Translations -->

    <Animation id="sceneTranslationAnimation"
       duration="0.5"
       repeat="false"
       easeFunction="outExpo" 
       optional="true">
      <Vector2DFieldInterpolator id = "sceneTranslation"
        key="[0.0, 1.0]"
        keyValue="[ [0.0, 0.0], [500.0, 0.0] ]"
        fieldToInterp="" />
    </Animation>

    <Animation id="sceneTranslationAnimationReverse"
       duration="0.5"
       repeat="false"
       easeFunction="inQuad" 
       optional="true">
      <Vector2DFieldInterpolator id = "sceneTranslationReverse"
        key="[0.0, 1.0]"
        keyValue="[ [500.0, 0.0], [0.0, 0.0] ]"
        fieldToInterp="" />
    </Animation>

    <Timer
      id="qosTimer"
      repeat="true"
      duration="30"/>

  </children>
</component>





