<?xml version = "1.0" encoding = "utf-8" ?>

<!--********** Copyright 2016 Roku Corp.  All Rights Reserved. **********-->
 
<component name = "rowListItem" extends = "BaseSceneItemComponent" >
 
  <interface > 
    <field id="itemContent" type="node" onChange="showcontent"/>
    <field id="focusPercent" type="float" onChange="showfocus"/> 
    <field id="rowFocusPercent" type="float" onChange="showrowfocus"/>
    <field id="rowListHasFocus" type="boolean" onChange="HandleHasFocus" alwaysnotify="true"/>

    <field id="titleLabelColor" type="color" onChange="" alias="titleLabel.color" value="#ffffff"/>
    <field id="titleLabelTranslation" type="vector2d" alias="titleLabel.translation" value="[0,240]"/>
    <field id="titleLabelHeight" type="float" alias="titleLabel.height" value="80"/>
    <field id="titleLabelWidth" type="float" alias="titleLabel.width" value="380"/>
    <field id="titleLabelWrap" type="boolean" alias="titleLabel.wrap" value="true"/>

    
    <field id="cursorColor" type="string" alwaysNotify="true" onChange="onCursorColorChanged"/>         
  </interface>
 
  <script type = "text/brightscript" >
    <![CDATA[
      sub init()
        m.itemposter  = m.top.findNode("itemPoster") 
        m.titleLabel  = m.top.findNode("titleLabel")
        'm.itemcursor  = m.top.findNode("itemcursor")

        m.emptyList   = m.top.findNode("emptyList")
        m.emptyText   = m.top.findNode("emptyText")

        m.loadingIndicator = m.top.findNode("loadingIndicator")
        
        'm.rectTop     = m.top.findNode("rectTop")
        'm.rectLeft    = m.top.findNode("rectLeft")
        'm.rectRight   = m.top.findNode("rectRight")
        'm.rectBottom  = m.top.findNode("rectBottom")

        'm.top.cursorColor = "#9f26b5"  
      end sub

      sub showcontent()
        itemcontent       = m.top.itemContent
        
        if checkFakeItems(itemcontent) then
          if itemcontent.isLoading = true
            m.loadingIndicator.control = "start"
            m.emptyText.text = ""
          else
            m.loadingIndicator.control = "stop"
            m.emptyText.text = itemcontent.title
          end if

          m.itemPoster.visible = false
          m.titleLabel.visible = false
          m.emptyList.visible = true

          'm.rectTop.width  = 1700
          'm.rectRight.translation = "[ 1696, 0 ]"
          'm.rectBottom.width  = 1700

        else if itemcontent.isFighter = true
          m.itemPoster.visible = false
          m.titleLabel.visible = false
          m.emptyList.visible = false

          'm.rectTop.width  = 380
          'm.rectRight.translation = "[ 377, 0 ]"
          'm.rectBottom.width  = 380
          
        else
          m.loadingIndicator.control = "stop"
          m.emptyList.visible = false
          m.itemPoster.visible = true
          m.titleLabel.visible = true
          m.itemposter.uri  = "pkg:/images/sampleImage.jpg"
          m.titleLabel.text = itemcontent.title
          'm.rectTop.width  = 380
          'm.rectRight.translation = "[ 377, 0 ]"
          'm.rectBottom.width  = 380
        end if
      end sub

      sub showfocus()
        if m.top.rowListHasFocus then
          'm.itemcursor.opacity = m.top.focusPercent
        else
          'm.itemcursor.opacity = 0
        end if
      end sub

      sub showrowfocus()

      end sub

      sub HandleHasFocus()
        if m.top.rowListHasFocus then
          if m.top.focusPercent = 1 then
            'm.itemcursor.opacity = 1
          end if
        else
          'm.itemcursor.opacity = 0
        end if
      end sub

      sub onCursorColorChanged()
        'm.rectTop.color    = m.top.cursorColor
        'm.rectLeft.color   = m.top.cursorColor
        'm.rectRight.color  = m.top.cursorColor
        'm.rectBottom.color = m.top.cursorColor
      end sub

    ]]>

  </script>

  <children >

    <Poster id="itemPoster" translation="[ 0, 0 ]" width="380" height="230" />

    <Label 
      id="titleLabel"
      horizAlign="left"
      font="font:MediumSystemFont"
      />

    <Rectangle id="emptyList" visible="false" height="231" width="1701" translation="[ 0, 0 ]" color="#1d242b">
      <Label 
        id="emptyText"
        translation="[0, 0]"
        color="#ffffff"
        horizAlign="center"
        vertAlign="center"
        width="1700"
        height="230"
        wrap="true"
        font="dictionary:EmptyTextLabel"
        />
    </Rectangle>
    <LoadingIndicator
      id="loadingIndicator"
      imageUri="pkg:/components/CED-Roku-Components/LoadingIndicator/loader-2.png"
      clockwise="true"
      spinInterval="1"
      fadeInterval="0.9"
      spacing="20"
      imageWidth="75"
      text="Loading"
      width="1701"
      height="231"
      centered="false"
      translation="[0, 0]"
      textPadding="10"
      textColor="#ffffff"
      font="font:SmallBoldSystemFont"
      backgroundColor="#000000"
      backgroundOpacity=".4"
      control="start"/>

    <!-- <Group id = "itemcursor" opacity = "0.0" >
      <Rectangle
        id = "rectTop" 
        width = "380" 
        height = "4" 
        translation = "[ 0, 0 ]" />
      <Rectangle 
        id = "rectLeft"
        width = "4" 
        height = "230" 
        translation = "[ 0, 0 ]" />
      <Rectangle 
        id = "rectRight"
        width = "4" 
        height = "230" 
        translation = "[ 377, 0 ]" />
      <Rectangle 
        id = "rectBottom"
        width = "380" 
        height = "4" 
        translation = "[ 0, 227 ]" />
    </Group> -->
    
  </children>

</component>

  