<?xml version="1.0" encoding="utf-8" ?>

<component name="personalization" extends="BaseSceneFull">
	<interface>

		<!--************************************** Function **************************************-->
		<function name="getProgressForContent" />
		
		<!--************************************** NODES **************************************-->
		<field id="dataNode" type="node"  onChange=""/>
		<field id="itemFocused" type="node"  onChange=""/>
		<field id="itemSelected" type="node"  onChange=""/>

		<!--************************************** BOOLEAN FLAGS **************************************-->
		<field id="resetPersonalization" type="boolean"  onChange=""/>
		<field id="isAddSupported" type="boolean"  onChange="" value="true"/>
		<field id="isFavSupported" type="boolean"  onChange="" value="true"/>
		<field id="resumePointSupported" type="boolean"  onChange=""/>
		<field id="IsAdded" type="boolean"/>
		<field id="IsFavorited" type="boolean"/>
		<field id="refreshHome" type="boolean" alwaysNotify="true"/>
		<field id="initPersonalization" type="boolean" alwaysNotify="true" onChange="checkForPersonalization"/>
		<field id="focusList" type="boolean" alwaysNotify="true" onChange="focusList"/>
		<field id="isCompleted" type="boolean" alwaysNotify="true"/>

		<!--************************************** MARKUP GRID ITEM FIELDS **************************************-->
		<field id="mgItemFocused" type="intarray" alias="markupGrid.itemFocused" alwaysNotify="true" onChange="onMgItemFocused"/>
		<field id="mgItemSelected" type="intarray" alias="markupGrid.itemSelected" alwaysNotify="true" onChange="onMgItemSelected"/>

		<!--************************************** IMAGE URIS **************************************-->
		<field id="addImgUri" type="uri"  onChange=""/>
		<field id="addImgFocusedUri" type="uri"  onChange=""/>
		<field id="favImgUri" type="uri"  onChange=""/>
		<field id="favImgFocusedUri" type="uri"  onChange=""/>
		<field id="addImgRemoveUri" type="uri"  onChange=""/>
		<field id="addImgRemoveFocusedUri" type="uri"  onChange=""/>
		<field id="favImgRemoveUri" type="uri"  onChange=""/>
		<field id="favImgRemoveFocusedUri" type="uri"  onChange=""/>

		<!--************************************** MARKUP GRID **************************************-->
		<field id="mgContent" type="array" alias="markupGrid.content" value=""/>
		<field id="mgColumnWidths" type="array" alias="markupGrid.columnWidths" value=""/>
    <field id="mgColumnSpacings" type="array" alias="markupGrid.columnSpacings" value=""/>
    <field id="mgDrawFocusFeedback" type="boolean" alias="markupGrid.drawFocusFeedback" value="false"/>
    <field id="mgFocusBitmapBlendColor" type="color" alias="markupGrid.focusBitmapBlendColor" value=""/>
    <field id="mgFocusBitmapUri" type="uri" alias="markupGrid.focusBitmapUri" value=""/>
    <field id="mgHorizFocusAnimationStyle" type="string" alias="markupGrid.horizFocusAnimationStyle" value="floatingFocus"/>
    <field id="mgItemSize" type="vector2d" alias="markupGrid.itemSize" value="[150, 120]"/>
    <field id="mgItemSpacing" type="vector2d" alias="markupGrid.itemSpacing" value="[30,0]"/>
		<field id="mgItemComponentName" type="string" alias="markupGrid.itemComponentName" value="personalizationItem"/>
    <field id="mgNumColumns" type="float" alias="markupGrid.numColumns" value="2"/>
    <field id="mgNumRows" type="float" alias="markupGrid.numRows" value="1"/>
    <field id="mgRowHeights" type="floatarray" alias="markupGrid.rowHeights" value=""/>
    <field id="mgRowSpacings" type="intarray" alias="markupGrid.rowSpacings" value=""/>
    <field id="mgTranslation" type="vector2d" alias="markupGrid.translation" value="[450, 432]"/>
    <field id="mgVertFocusAnimationStyle" type="string" alias="markupGrid.vertFocusAnimationStyle" value="fixedFocus"/>
    <field id="mgVisible" type="boolean" alias="markupGrid.visible" value="true"/>

		<!--************************************** POPUP NOTIFICATION RECT **************************************-->
		<field id="popupNotificationTranslation" type="vector2d" alias="popupNotification.translation" value="[402, 552]"/>
		<field id="popupNotificationHeight" type="float" alias="popupNotification.height" value="50"/>
		<field id="popupNotificationWidth" type="float" alias="popupNotification.width" value="425"/>
		<field id="popupNotificationColor" type="color" alias="popupNotification.color" value="#3461b2"/>
		<field id="popupNotificationOpacity" type="float" alias="popupNotification.opacity" value="0"/>

		<!--************************************** POPUP NOTIFICATION TEXT**************************************-->
		<field id="popupTextHeight" type="float" alias="popupText.height" value="50" />
		<field id="popupTextWidth" type="float" alias="popupText.width" value="425" />
		<field id="popupTextColor" type="color" alias="popupText.color" value="#ffffff"/>
		<field id="popupTextHorizAlign" type="string" alias="popupText.horizAlign" value="center"/>
		<field id="popupTextVertAlign" type="string" alias="popupText.vertAlign" value="center"/>
		<field id="popupText" type="assocarray" onChange="changeFontBase"/>

	</interface>

	<script type="text/brightscript" uri="pkg:/components/CED-Roku-Components/personalization/personalization.brs"/>
	<script type="text/brightscript" uri="pkg:/source/nodeHelper.brs" />
	<script type="text/brightscript" uri="pkg:/source/itemParser.brs" />
	<script type="text/brightscript" uri="pkg:/source/generalUtils.brs" />

	<children>

		<!-- What does this file need?
			- MarkupGrid to show the buttons
				- Is this more efficient than using specific buttons?
				- What is the major benefit of doing it this way?
				- Does it not make it harder to handle the styling in coordination with the tasks?
					- Or are we going to decouple the styling from the back end functionality?
						- IE have the UI always respond as if it succeeded to improve speed and feedback

		 -->

		<MarkupGrid id="markupGrid"/>

		<Rectangle id="popupNotification">
			<Label id="popupText" font="font:SmallBoldSystemFont"	/>
		</Rectangle>

		<Animation   id="popupAnimation"  duration="3"  repeat="false"  control="stop" optional="true"  easeFunction="linear" >
    	<FloatFieldInterpolator id = "popupFloat"   key="[0.0, 0.33, 0.66, 1.0]"    keyValue="[ 0.0, 1.0, 1.0, 0.0 ]" fieldToInterp="popupNotification.opacity"  />
    </Animation>

	</children>

</component>







