<?xml version="1.0" encoding="utf-8" ?>

<component name="CustomScrollableText" extends="BaseSceneFull">

	<interface>
		<field id="initFocus" type="boolean" onChange="initFocus" alwaysNotify="true"/>
		<!--********************************* SCROLL TEXT *********************************-->

		<field id="scrollTextText" type="string" alias="scrollText.text"/>
		<field id="scrollTextColor" type="color" alias="scrollText.color" value="#ffffff"/>
		<field id="scrollTextWidth" type="float" alias="scrollText.width"/>
		<field id="scrollTextHeight" type="float" alias="scrollText.height"/>
		<field id="scrollTextLineSpacing" type="float" alias="scrollText.lineSpacing"/>
		<field id="scrollTextHorizAlign" type="string" alias="scrollText.horizAlign"/>
		<field id="scrollTextVertAlign" type="string" alias="scrollText.vertAlign"/>
		<field id="scrollTextScrollbarTrackUri" type="string" alias="scrollText.scrollbarTrackBitmapUri"/>
		<field id="scrollTextScrollbarThumbUri" type="string" alias="scrollText.scrollbarThumbBitmapUri"/>
		<field id="scrollTextTranslation" type="vector2d" alias="scrollText.translation"/>

		<field id="scrollText" type="assocarray" onChange="changeFontBase"/>

		<!--********************************* SCROLL CONTROLS *********************************-->

		<field id="scrollControlsColor" type="color" alias="scrollControls.color" value="#55b876" />
		<field id="scrollControlsTranslation" type="intarray" alias="scrollControls.translation" value="[420, 723]"/>
		<field id="scrollControlsHeight" type="float" alias="scrollControls.height" value="81"/>
		<field id="scrollControlsWidth" type="float" alias="scrollControls.width" value="1266"/>
		<field id="scrollControlsVisibility" type="boolean" alias="scrollControls.visible" value="true"/>

		<!--********************************* UP/DOWN POSTER *********************************-->

		<field id="upDownPosterTranslation" type="intarray" alias="upDownPoster.translation" value="[10, 24]"/>
		<field id="upDownPosterHeight" type="float" alias="upDownPoster.height" value="30"/>
		<field id="upDownPosterWidth" type="float" alias="upDownPoster.width" value="102"/>
		<field id="upDownPosterVisibility" type="boolean" alias="upDownPoster.visible" value="true"/>
		<field id="upDownPosterUri" type="uri" alias="upDownPoster.uri" value="pkg://images/downUp.png"/>

		<!--********************************* SCROLL LABEL *********************************-->

		<field id="scrollLabelTranslation" type="intarray" alias="scrollLabel.translation" value="[120,24]"/>
		<field id="scrollLabelHeight" type="float" alias="scrollLabel.height" value="81"/>
		<field id="scrollLabelWidth" type="float" alias="scrollLabel.width" value="580"/>
		<field id="scrollLabelColor" type="color" alias="scrollLabel.color" value="#ffffff"/>
		<field id="scrollLabelText" type="string" alias="scrollLabel.text" value=""/>
		<field id="scrollLabelVisibility" type="boolean" alias="scrollLabel.visible" value="true"/>
		<field id="scrollLabel" type="assocarray" onChange="changeFontBase"/>

		<!--********************************* FFWD POSTER *********************************-->

		<field id="ffwdPosterTranslation" type="intarray" alias="ffwdPoster.translation" value="[741, 24]"/>
		<field id="ffwdPosterHeight" type="float" alias="ffwdPoster.height" value="30"/>
		<field id="ffwdPosterWidth" type="float" alias="ffwdPoster.width" value="102"/>
		<field id="ffwdPosterVisibility" type="boolean" alias="ffwdPoster.visible" value="true"/>
		<field id="ffwdPosterUri" type="uri" alias="ffwdPoster.uri" value="pkg://images/ffwd.png"/>

		 <!--********************************* PAGE LABEL *********************************-->

		<field id="pageLabelTranslation" type="intarray" alias="pageLabel.translation" value="[850,24]"/>
		<field id="pageLabelHeight" type="float" alias="pageLabel.height" value="81"/>
		<field id="pageLabelWidth" type="float" alias="pageLabel.width" value="400"/>
		<field id="pageLabelColor" type="color" alias="pageLabel.color" value="#ffffff"/>
		<field id="pageLabelText" type="string" alias="pageLabel.text" value=""/>
		<field id="pageLabelVisibility" type="boolean" alias="pageLabel.visible" value="true"/>
		<field id="pageLabel" type="assocarray" onChange="changeFontBase"/>

	</interface>

	<script type="text/brightscript" uri="pkg:/components/CED-Roku-Components/scrollableText/scrollableText.brs"/>

	<children>
		<ScrollableText
			id="scrollText"
			/>

		<Rectangle id="scrollControls">

			<Poster 
				id="upDownPoster"
				/>

			<Label
				id="scrollLabel"
				font="font:SmallBoldSystemFont"
				/>

			<Poster 
				id="ffwdPoster"
				/>

			<Label
				id="pageLabel"
				font="font:SmallBoldSystemFont"
				/>

		</Rectangle>

	</children>

</component>