<?xml version = "1.0" encoding = "utf-8" ?> 

<component name="SignInPage" extends="BaseSceneFull" >

  <interface>
    <field id="initSignIn" type= "boolean" alwaysnotify="true" onChange="onInitSignIn"/>
    <field id="logincode" type= "String" alwaysnotify="true"/>
    <field id="isPanel" type="boolean" value="false"/>

    <!--********************************* Sign In Title *********************************-->

    <field id="titleColor" type="color" alias="signInTitle.color" onChange="" value="#000000"/>
    <field id="titleHeight" type="float" alias="signInTitle.height" value="50"/>
    <field id="titleWidth" type="float" alias="signInTitle.width" value="1920"/>
    <field id="titleTranslation" type="vector2d" alias="signInTitle.translation" value="[0,175]"/>
    <field id="titleHorizAlign" type="string" alias="signInTitle.horizAlign" value="center"/>
    <field id="titleVertAlign" type="string" alias="signInTitle.vertAlign" value="center"/>
    <field id="titleVisibility" type="boolean" alias="signInTitle.visible" value="true"/>
    <field id="signInTitle" type="assocarray" onChange="changeFontBase"/>

    <!--********************************* Sign In Description *********************************-->

    <field id="descriptionColor" type="color" alias="signInDescription.color" onChange="" />
    <field id="descriptionHeight" type="float" alias="signInDescription.height" value="60"/>
    <field id="descriptionWidth" type="float" alias="signInDescription.width" value="1920"/>
    <field id="descriptionTranslation" type="vector2d" alias="signInDescription.translation" value="[0,235]"/>
    <field id="descriptionHorizAlign" type="string" alias="signInDescription.horizAlign" value="center"/>
    <field id="descriptionVertAlign" type="string" alias="signInDescription.vertAlign" value="center"/>
    <field id="signInDescription" type="assocarray" onChange="changeFontBase"/>

    <!--********************************* Full Background *********************************-->

    <field id="fullBgColor" type="color" alias="fullBg.color" value="#000000"/>
    <field id="fullBgVisibility" type="boolean" alias="fullBg.visible" value="false"/>
    <field id="fullBgHeight" type="float" alias="fullBg.height" value="1080"/>
    <field id="fullBgWidth" type="float" alias="fullBg.width" value="1920"/>
    <field id="fullBgTranslation" type="vector2d" alias="fullBg.translation" value="[0,0]"/>
    <field id="fullBgOpacity" type="float" alias="fullBg.opacity" value="1.0"/>

    <!--********************************* Banner Image *********************************-->

    <field id="bannerColor" type="color" alias="signInBanner.color" onChange="" value="#000000"/>
    <field id="bannerImageVisible" type="boolean" alias="signInBannerImg.visible" onChange=""/>
    <field id="bannerImageUri" type="uri" alias="signInBannerImg.uri" onChange="" />
    <field id="bannerImageWidth" type="float" alias="signInBannerImg.width" onChange="" value="1920"/>
    <field id="bannerImageHeight" type="float" alias="signInBannerImg.height" onChange="" value="300"/>

    <!--********************************* Sign In Options Bg *********************************-->

    <field id="signInOptionsBgVisible" type="boolean" alias="signInOptionsBg.visible" onChange="" />
    <field id="signInOptionsBgColor" type="color" alias="signInOptionsBg.color" onChange="" value="#f0f0f0"/>
    <field id="signInOptionsBgHeight" type="float" alias="signInOptionsBg.height" value="600"/>
    <field id="signInOptionsBgWidth" type="float" alias="signInOptionsBg.width" value="1000"/>
    <field id="signInOptionsBgTranslation" type="vector2d" alias="signInOptionsBg.translation" value="[460,330]"/>

    <!--********************************* Email Label *********************************-->

    <field id="emailLabelColor" type="color" alias="emailLabel.color" value="#000000" onChange="" />
    <field id="emailLabelHeight" type="float" alias="emailLabel.height" value="30"/>
    <field id="emailLabelWidth" type="float" alias="emailLabel.width" value="600"/>
    <field id="emailLabelTranslation" type="vector2d" alias="emailLabel.translation" value="[495, 365]"/>
    <field id="emailLabelHorizAlign" type="string" alias="emailLabel.horizAlign" value="left"/>
    <field id="emailLabelVertAlign" type="string" alias="emailLabel.vertAlign" value="top"/>
    <field id="emailLabel" type="assocarray" onChange="changeFontBase"/>

    <!--********************************* Password Label *********************************-->

    <field id="passwordLabelColor" type="color" alias="passwordLabel.color" value="#000000" onChange=""/>
    <field id="passwordLabelHeight" type="float" alias="passwordLabel.height" value="30"/>
    <field id="passwordLabelWidth" type="float" alias="passwordLabel.width" value="600"/>
    <field id="passwordLabelTranslation" type="vector2d" alias="passwordLabel.translation" value="[495, 510]"/>
    <field id="passwordLabelHorizAlign" type="string" alias="passwordLabel.horizAlign" value="left"/>
    <field id="passwordLabelVertAlign" type="string" alias="passwordLabel.vertAlign" value="top"/>
    <field id="passwordLabel" type="assocarray" onChange="changeFontBase"/>

    <!--********************************* Username TextBox *********************************-->

    <field id="usernameTextColor" type="string" alias="UsernameText.textcolor" value="#000000" onChange="" />
    <field id="usernameHintText" type="string" alias="UsernameText.hintText" onChange="" />
    <field id="usernameWidth" type="float" alias="UsernameText.width" value="930"/>
    <field id="usernameTranslation" type="vector2d" alias="UsernameText.translation" value="[495, 405]"/>

    <!--********************************* Password TextBox *********************************-->

    <field id="passwordTextColor" type="string" alias="PasswordText.textcolor" value="#000000" onChange="" />
    <field id="passwordHintText" type="string" alias="PasswordText.hintText" onChange="" />
    <field id="passwordWidth" type="float" alias="PasswordText.width" value="930"/>
    <field id="passwordTranslation" type="vector2d" alias="PasswordText.translation" value="[495, 550]"/>

    <!--********************************* Login Button *********************************-->

    <field id="LoginButtonColor" type="string" alias="LoginButton.color" value="#000000" onChange="" />
    <field id="LoginButtonHeight" type="float" alias="LoginButton.height" value="68"/>
    <field id="LoginButtonWidth" type="float" alias="LoginButton.width" value="930"/>
    <field id="LoginButtonTranslation" type="vector2d" alias="LoginButton.translation" value="[495, 660]"/>

    <!--********************************* Login Button LABEL *********************************-->

    <field id="LoginButtonTextHeight" type="float" alias="LoginButtonText.height" value="68"/>
    <field id="LoginButtonTextWidth" type="float" alias="LoginButtonText.width" value="930"/>
    <field id="LoginButtonTextTranslation" type="vector2d" alias="LoginButtonText.translation" value="[0,0]"/>
    <field id="LoginButtonTextHorizAlign" type="string" alias="LoginButtonText.horizAlign" value="center"/>
    <field id="LoginButtonTextVertAlign" type="string" alias="LoginButtonText.vertAlign" value="center"/>
    <field id="LoginButtonTextColor" type="string" alias="LoginButtonText.color" value="#FFFFFF" onChange="" />
    <field id="LoginButtonText" type="assocarray" onChange="changeFontBase"/>

    <!--********************************* Keyboard Submit Button *********************************-->

    <field id="submitButtonColor" type="color" alias="SubmitButton.color" value="#000000"/>
    <field id="submitButtonHeight" type="float" alias="SubmitButton.height" value="75"/>
    <field id="submitButtonWidth" type="float" alias="SubmitButton.width" value="350"/>
    <field id="submitButtonTranslation" type="vector2d" alias="SubmitButton.translation" value="[750,785]"/>
    <field id="submitButtonVisible" type="boolean" alias="SubmitButton.visible" value="false"/>

    <!--********************************* Keyboard Submit Button LABEL *********************************-->

    <field id="submitLabelColor" type="color" alias="SubmitLabel.color" value="#ffffff"/>
    <field id="submitLabelHeight" type="float" alias="SubmitLabel.height" value="75"/>
    <field id="submitLabelWidth" type="float" alias="SubmitLabel.width" value="350"/>
    <field id="submitLabelHorizAlign" type="string" alias="SubmitLabel.horizAlign" value="center"/>
    <field id="submitLabelVertAlign" type="string" alias="SubmitLabel.vertAlign" value="center"/>
    <field id="submitLabelVisible" type="boolean" alias="SubmitLabel.visible" value="false"/>
    <field id="SubmitLabel" type="assocarray" onChange="changeFontBase"/>

    <!--********************************* Keyboard Label *********************************-->

    <field id="keyboardLabelColor" type="string" alias="KeyboardLabel.color" value="#FFFFFF" onChange="" /> 
    <field id="keyboardLabelVisible" type="boolean" alias="KeyboardLabel.visible" value="false"/>
    <field id="keyboardLabelTranslation" type="vector2d" alias="KeyboardLabel.translation" value="[295,275]"/>
    <field id="KeyboardLabel" type="assocarray" onChange="changeFontBase"/>

    <!--********************************* Keyboard Style *********************************-->
    
    <field id="keyBoardTextColor" type="color" alwaysnotify="true" onChange="onKeyboardTextColorChanged" />
    <field id="keyBoardKeyColor" type="color" alwaysnotify="true" onChange="onKeyboardKeyColorChanged" />
    <field id="keyBoardTyping" type="string" alwaysnotify="true" alias="SignInKeyboard.text" onChange="textUpdating" />
    <field id="PasskeyBoardTyping" type="string" alwaysnotify="true" alias="PasswordKeyboard.text" onChange="PassUpdating"/>

    <!--********************************* Sign In Keyboard *********************************-->

    <field id="signInKeyboardTranslation" type="vector2d" alias="SignInKeyboard.translation" value="[265,325]"/>
    <field id="signInKeyboardShowTextBox" type="boolean" alias="SignInKeyboard.showTextEditBox" value="true"/>

    <!--********************************* Password Keyboard *********************************-->

    <field id="passwordKeyboardTranslation" type="vector2d" alias="PasswordKeyboard.translation" value="[265,325]"/>
    <field id="passwordKeyboardShowTextBox" type="boolean" alias="PasswordKeyboard.showTextEditBox" value="true"/>

    <!--********************************* Reset Password Label *********************************-->

    <field id="resetPassHeight" type="float" alias="resetPass.height" value="25"/>
    <field id="resetPassWidth" type="float" alias="resetPass.width" value="930"/>
    <field id="resetPassTranslation" type="vector2d" alias="resetPass.translation" value="[510,765]"/>
    <field id="resetPassHorizAlign" type="string" alias="resetPass.horizAlign" value="center"/>
    <field id="resetPassVertAlign" type="string" alias="resetPass.vertAlign" value="top"/>
    <field id="resetPassColor" type="string" alias="resetPass.color" value="#CCCCCC" onChange="" />
    <field id="resetPass" type="assocarray" onChange="changeFontBase"/>

    <!--********************************* Reset Password *Loc* Label *********************************-->

    <field id="resetPassLocHeight" type="float" alias="resetPassLoc.height" value="30"/>
    <field id="resetPassLocWidth" type="float" alias="resetPassLoc.width" value="930"/>
    <field id="resetPassLocTranslation" type="vector2d" alias="resetPassLoc.translation" value="[510,810]"/>
    <field id="resetPassLocHorizAlign" type="string" alias="resetPassLoc.horizAlign" value="center"/>
    <field id="resetPassLocVertAlign" type="string" alias="resetPassLoc.vertAlign" value="top"/>
    <field id="resetPassLocColor" type="string" alias="resetPassLoc.color" value="#CCCCCC" onChange="" />
    <field id="resetPassLoc" type="assocarray" onChange="changeFontBase"/>

    <!--********************************* FeedbackTextArea *********************************-->

    <field id="feedbackTextAreaHeight" type="float" alias="feedbackTextArea.height" value="100"/>
    <field id="feedbackTextAreaWidth" type="float" alias="feedbackTextArea.width" value="1000"/>
    <field id="feedbackTextAreaTranslation" type="vector2d" alias="feedbackTextArea.translation" value="[460,840]"/>
    <field id="feedbackTextAreaHorizAlign" type="string" alias="feedbackTextArea.horizAlign" value="center"/>
    <field id="feedbackTextAreaVertAlign" type="string" alias="feedbackTextArea.vertAlign" value="center"/>
    <field id="feedbackTextAreaColor" type="string" alias="feedbackTextArea.color" value="#000000" onChange="" />
    <field id="feedbackTextAreaVisible" type="boolean" alias="feedbackTextArea.visible" value="false"/>
    <field id="feedbackTextAreaNumLines" type="float" alias="feedbackTextArea.numLines" value="2"/>
    <field id="feedbackTextAreaWrap" type="boolean" alias="feedbackTextArea.wrap" value="true"/>
    <field id="feedbackTextAreaLineSpacing" type="boolean" alias="feedbackTextArea.lineSpacing" value="0"/>
    <field id="feedbackTextArea" type="assocarray" onChange="changeFontBase"/>

    <!--********************************* Darkness *********************************-->

    <field id="darknessColor" type="color" alias="Darkness.color" value="#000000"/>
    <field id="darknessOpacity" type="float" alias="Darkness.opacity" value="1.0"/>

    <!--********************************* Cursor Color *********************************-->

    <field id="cursorColor" type="color" alwaysNotify="true" onChange="onCursorColorChanged"/>

    <!--************************************** LOADING INDICATOR **************************************-->

    <field id="loadingIndicatorControl" type="string" alias="loadingIndicator.control" value="stop"/>
    <field id="loadingIndicatorImageUri" type="uri" alias="loadingIndicator.imageUri" value="pkg:/components/CED-Roku-Components/LoadingIndicator/loader-2.png"/>
    <field id="loadingIndicatorImageWidth" type="float" alias="loadingIndicator.imageWidth" value="75"/>
    <field id="loadingIndicatortextColor" type="color" alias="loadingIndicator.textColor" value="#ffffff"/>
    <field id="loadingIndicatorTranslation" type="vector2d" alias="loadingIndicator.translation"/>
    <field id="loadingIndicatorText" type="string" alias="loadingIndicator.text" value=""/>
    
  </interface>

  <script type="text/brightscript" uri="pkg:/components/CED-Roku-Components/signInScene/signinscene.brs" />

  <children >
    <Rectangle id="fullBg" visible="false"/>

    <Rectangle id="signInBanner" translation="[0,0]">

      <Poster id="signInBannerImg" translation="[0,0]"/>

      <Label id="signInTitle" font="font:MediumBoldSystemFont"/>

      <Label id="signInDescription" font="font:MediumBoldSystemFont"/>

    </Rectangle>

    <Rectangle id="signInOptionsBg" focusable="true"/>

    <Label id="emailLabel" font="font:MediumBoldSystemFont"/>

    <TextEditBox id="UsernameText"/>

    <Group id="usernamebg" opacity="1.0">
      <Rectangle id="rectTopUname" width="926" height="3" color="#FF0000" translation="[ 497, 405 ]" />
      <Rectangle id="rectLeftUname" width="3" height="68" color="#FF0000" translation="[ 497, 405 ]" />
      <Rectangle id="rectRightUname"  width="3" height="71" color="#FF0000" translation="[ 1422, 405 ]" />
      <Rectangle id="rectBottomUname" width="926" height="3" color="#FF0000" translation="[497, 473 ]" />
    </Group>

    <Label id="passwordLabel" font="font:MediumBoldSystemFont"/>

    <TextEditBox id="PasswordText" securemode="true"/>

    <Group id="passwordbg" opacity="1.0">
      <Rectangle id="rectTopPass" width="926" height="3" color="#FF0000" translation="[ 497, 550 ]" />
      <Rectangle id="rectLeftPass" width="3"  height="68" color="#FF0000" translation="[ 497, 550 ]" />
      <Rectangle id="rectRightPass" width="3"  height="71" color="#FF0000" translation="[ 1422, 550 ]" />
      <Rectangle id="rectBottomPass" width="926" height="3" color="#FF0000" translation="[ 497, 618 ]" />
    </Group>

    <Rectangle id="LoginButton">
      <Label id="LoginButtonText" font="font:MediumBoldSystemFont"/>
    </Rectangle>

    <Group id="loginButtonbg" opacity="1.0" >
      <Rectangle id="rectTopLogin" width="930" height="3" color="#FF0000" translation="[ 495, 660 ]" />
      <Rectangle id="rectLeftLogin" width="3" height="68" color="#FF0000" translation="[ 495, 660 ]" />
      <Rectangle id="rectRightLogin" width="3" height="71" color="#FF0000" translation="[ 1425, 660 ]" />
      <Rectangle id="rectBottomLogin" width="930" height="3" color="#FF0000" translation="[ 495, 728 ]" />
    </Group>

    <Label id="resetPass" font="font:MediumBoldSystemFont"/>

    <Label id="resetPassLoc" font="font:MediumBoldSystemFont"/>

    <Label id="feedbackTextArea" font="font:MediumBoldSystemFont"/>

    <Rectangle 
      id = "Darkness"
      height = "1080"
      width = "1920"
      visible = "false"
      />

    <Keyboard
      id="SignInKeyboard"
      focusable="true"
      visible="false"/>

    <Keyboard
      id="PasswordKeyboard"
      focusable="true"
      visible="false"/>

    <Label id = "KeyboardLabel" font="font:MediumBoldSystemFont"/>

    <Rectangle id = "SubmitButton" focusable = "true">

      <Label id = "SubmitLabel" font="font:MediumBoldSystemFont"/>

    </Rectangle>

    <Group id="submitButtonBg" opacity="1.0" visible = "false" >
      <Rectangle id="rectTopSubmit" width="350" height="3" color="#FF0000" translation="[ 750, 785 ]" />
      <Rectangle id="rectLeftSubmit" width="3" height="75" color="#FF0000" translation="[ 750, 785 ]" />
      <Rectangle id="rectRightSubmit" width="3" height="78" color="#FF0000" translation="[ 1100, 785 ]" />
      <Rectangle id="rectBottomSubmit" width="350" height="3" color="#FF0000" translation="[ 750, 860 ]" />
    </Group>

    <LoadingIndicator
      id="loadingIndicator"
      clockwise="true"
      spinInterval="1"
      fadeInterval="0.5"
      spacing="20"
      text=""
      width="1920"
      height="1080"
      centered="false"
      translation="[0, 0]"
      textPadding="10"
      textColor="#ffffff"
      font="font:SmallBoldSystemFont"
      backgroundColor="#000000"
      backgroundOpacity=".4"/>

  </children>

</component>
