<?xml version = "1.0" encoding = "utf-8" ?> 

<!--********** Copyright 2016 Roku Corp.  All Rights Reserved. **********-->

<component name = "adobeAuthTask" extends = "Task" >
	<interface>

  <!-- Adobe Auth Fields -->
    <field id="regcode" type="String" value="" alwaysNotify="true"/>
    <field id="adobeResult" type="String" value="" alwaysNotify="true"/>
    <field id="adobeRes" type="boolean" value="" alwaysNotify="true"/>
    <field id="adobeMediaToken" type="String" value="" alwaysNotify="true"/>
    <field id="adobeResAA" type="assocarray" value="" alwaysNotify="true"/>
  </interface> 
  
  <script type="text/brightscript" uri="pkg:/source/serviceUtils.brs" />
  <script type="text/brightscript" uri="pkg:/source/generalUtils.brs" />
  <script type="text/brightscript" uri="pkg:/source/nodeHelper.brs" />
  <script type="text/brightscript" uri="pkg:/source/registryHelper.brs" />
  <script type="text/brightscript" uri="pkg:/source/adobeAuthManager.brs"/>
  <script type="text/brightscript" uri="pkg:/source/validations.brs" />


  <script type= "text/brightscript" >
  	<![CDATA[

	  sub init()
    end sub

    '*******************************************
    ' Adobe Authentication
    '*******************************************

    sub isAdobeAuthValid()
      m.top.adobeRes = AdobeAuthManager().isAdobeAuthValid()
    end sub

    sub adobeGetRegCode()
      m.top.regcode = AdobeAuthManager().getRegCode()
    end sub

    sub adobeGetAuthN()
      response = AdobeAuthManager().getAuthN()
      if(response)
      print "adobegetauthn true"
        m.top.adobeResult = "codeSuccess"
        adobePreAuthorize()
      end if
      print "adobegetauthn end"
    end sub

    sub adobeGetAuthZ()
      if AdobeAuthManager().getAuthZ() = false
        adobeAuthorize()
      else
        adobeGetShortMediaTokenAndPreAuthorize()
      end if
    end sub

    sub adobeAuthorize()
      if AdobeAuthManager().authorize() = true
        adobeGetShortMediaToken()
      else
        AdobeAuthManager().logout()
        AdobeAuthManager_DeleteRegCode()
        m.top.adobeResult = "adobeAuthFailure"
      end if
    end sub

    sub adobeGetShortMediaToken()
      shortMediaToken = AdobeAuthManager().getShortMediaToken()
    end sub

    sub adobePreAuthorize()
      preauthorize = AdobeAuthManager().preAuthorize()
      m.global.preAuthorizeAA = preauthorize
      m.global.isMvpdLoggedIn = true
      m.top.adobeResult = "adobeSuccess"
    end sub

    sub adobeLogout()
      m.top.adobeRes = AdobeAuthManager().logout()
    end sub

    sub adobeDeleteRegCode()
      m.top.adobeRes = AdobeAuthManager().deleteRegCode()
    end sub

    sub adobeLinkUser()
      print "adobeLinkUser()"
      timer = CreateObject("roTimespan")
      timer.Mark()
      lastTimerCheck = 0
      while(timer.totalSeconds() < 300 AND m.top.adobeResult = "")
        if(timer.totalSeconds() MOD 10 = 0 AND lastTimerCheck <> timer.totalSeconds())
          print "adobelinkif 10 sec"
          lastTimerCheck = timer.totalSeconds()
          adobeGetAuthN()
          print "checked authN"; timer.totalSeconds()
        end if
      end while
      if(timer.totalSeconds() >= 300)
        AdobeAuthManager().logout()
        AdobeAuthManager_DeleteRegCode()
        m.top.adobeResult = "adobeAuthFailure"
        print "should fail adobe"
      end if
    end sub

    ]]>
  </script>

</component>