<?xml version = "1.0" encoding = "utf-8" ?>

<!--********** Copyright 2016 Roku Corp.  All Rights Reserved. **********-->

<component name = "dataSourceTask" extends = "Task" >

  <interface>
    <!-- I/P Params -->
    <field id="dataNode" type="node" alwaysNotify="true"/>
    <field id="contentNode" type="node" alwaysNotify="true"/>
    <field id="functionNameCall" type="string"/>
    <field id="personalizationAA" type="assocarray" />

    <!-- Update Language Params -->
    <field id="languageToChange" type="String" alwaysNotify="true"/>

    <!-- O/P Params -->
    <field id="response" type="node" alwaysNotify="true" />
    <field id="responseAA" type="assocarray"/>
    <field id="success" type="boolean"  value="false"/>
    <field id="responseCount" type="Integer" alwaysNotify="true"/>
  </interface>

  <script type="text/brightscript" uri="pkg:/source/serviceUtils.brs" />
  <script type="text/brightscript" uri="pkg:/source/generalUtils.brs" />
  <script type="text/brightscript" uri="pkg:/source/nodeHelper.brs" />
  <script type="text/brightscript" uri="pkg:/source/itemParser.brs" />
  <script type="text/brightscript" uri="pkg:/source/deeplink.brs" />
  <script type="text/brightscript" uri="pkg:/source/dateParser.brs"/>
  <script type="text/brightscript" uri="pkg:/source/cacheUtility.brs"/>
  <script type="text/brightscript" uri="pkg:/source/loadMore.brs"/>
  <script type="text/brightscript" uri="pkg:/source/validations.brs" />

  <script type="text/brightscript" uri="pkg:/source/registryHelper.brs" />
  <script type="text/brightscript" uri="pkg:/source/neulionDataSource.brs" />
  <script type="text/brightscript" uri="pkg:/source/neulionAuthManager.brs" />
  <script type="text/brightscript" uri="pkg:/source/adobeAuthManager.brs"/>
  <script type="text/brightscript" uri="pkg:/source/personalizationDataSource.brs" />
  <script type="text/brightscript" uri="pkg:/source/appDataSource.brs" />
  <script type="text/brightscript" uri="pkg:/source/solrDataSource.brs"/>


  <script type="text/brightscript" uri="pkg:/source/titan_data_source.brs" />
  <script type="text/brightscript" uri="pkg:/source/titanDataParser.brs" />

  <script type="text/brightscript" uri="pkg:/source/dataSourceTask.brs" />
  <script type="text/brightscript" >
  	<![CDATA[

	  sub init()
      m.top.functionName = "getContent"
    end sub

    ]]>
  </script>

</component>
