<?xml version = "1.0" encoding = "utf-8" ?> 

<!--********** Copyright 2016 Roku Corp.  All Rights Reserved. **********-->

<component name = "localSettingsTask" extends = "Task" >
  
  <interface>
    <!-- I/P Params -->
    <field id="id" type="string" />
    <field id="data" type="string" value="" />
    <field id="dataNode" type="node"/>

    <!-- Update Language Params -->
    <field id="languageToChange" type="String" alwaysNotify="true"/>
    
    <!-- Resume Point -->
    <field id = "resumePos" type = "String" alwaysNotify = "true"/>
    <field id = "playbackPos" type = "String" alwaysNotify = "true"/>
    <field id = "taskToDo" type = "String" alwaysNotify = "true"/>

    <!-- O/P Params -->
    <field id="success" type="boolean"  value="false"/>
  </interface>  

  <script type="text/brightscript" uri="pkg:/source/serviceUtils.brs" />
  <script type="text/brightscript" uri="pkg:/source/generalUtils.brs" />
  <script type="text/brightscript" uri="pkg:/source/nodeHelper.brs" />
  <script type="text/brightscript" uri="pkg:/source/registryHelper.brs" />
  <script type="text/brightscript" uri="pkg:/source/configurationDataSource.brs" />
  <script type="text/brightscript" uri="pkg:/source/neulionAuthManager.brs" />
  <script type="text/brightscript" uri="pkg:/source/validations.brs" />
  <script type="text/brightscript" >
  	<![CDATA[

	  sub init()
    end sub

    sub updateLanguage()
      if m.global.language <> m.top.languageToChange then
        saveLanguagePref(m.top.languageToChange)
        m.global.language = m.top.languageToChange
        NeuLionAuthManager_localeUpdate()
        initDictionary()
        NeulionAuthManager_getSubscriptionType()
        m.top.success = true
      end if
    End sub

    sub resumePointOpr()
      print m.top.id
      if m.top.taskToDo = "checkResPoint"
        resumePos = 0
        response = checkResumePoint(m.top.id)
        if response <> invalid then
          resumePos = response
        end if
        m.top.resumePos = resumePos
      else if m.top.taskToDo = "saveResPoint"
        saveResumePoint(m.top.id, m.top.playbackPos)
      else 
        deleteResumePoint(m.top.id)
      end if
    end sub

    Sub updateScoreSettings()
      if m.global.scoreSettings = "show" then
        saveScoreSetting("hide")
        m.global.scoreSettings = "hide"
      else
        saveScoreSetting("show")
        m.global.scoreSettings = "show"
      end if
      m.top.success = true
    End Sub

    ]]>
  </script>

</component>