<?xml version = "1.0" encoding = "utf-8" ?> 

<!--********** Copyright 2016 Roku Corp.  All Rights Reserved. **********-->

<component name="neulionQosTask" extends="Task" >
	<interface>
    <field id = "result" type = "string" value ="" />
    <field id = "eventType" type = "string" value ="" />
    <field id = "additionalInfoH" type = "assocarray" value ="" />
    <field id = "qosSinceLoginCount" type="integer" value="0"/>
  </interface> 

  <script type="text/brightscript" uri="pkg:/source/serviceUtils.brs" />
  <script type="text/brightscript" uri="pkg:/source/generalUtils.brs" />
  <script type="text/brightscript" uri="pkg:/source/nodeHelper.brs" />

  <script type="text/brightscript" uri="pkg:/source/itemParser.brs" />
  <script type="text/brightscript" uri="pkg:/source/dateParser.brs" />
  <script type="text/brightscript" uri="pkg:/source/deeplink.brs" />

  <script type="text/brightscript" uri="pkg:/source/registryHelper.brs" />
  <script type="text/brightscript" uri="pkg:/source/neulionDataSource.brs" />
  <script type="text/brightscript" uri="pkg:/source/neulionAuthManager.brs" />
  <script type="text/brightscript" uri="pkg:/source/adobeAuthManager.brs"/>
  <script type="text/brightscript" uri="pkg:/source/validations.brs" />
  <script type="text/brightscript" uri="pkg:/source/neulionQOS.brs"/>

  <script type="text/brightscript" >
  	<![CDATA[

    sub init()
      m.top.functionName = "getcontent"
    end sub

    sub getcontent()
      if isAnalytics_QOSEnabled() then
        isLoggedIn = invalid
        segmentsToSession = 20
        if(m.global.prefixes.analytics.nl.segments <> invalid)
          segmentsToSession = m.global.prefixes.analytics.nl.segments
        end if
        if m.global.isLoggedIn = true then
          if(m.top.qosSinceLoginCount >= segmentsToSession)
            m.top.qosSinceLoginCount = 0
            isLoggedIn = NeulionAuthManager_isUserLoggedIn()
          end if
          if isLoggedIn <> invalid AND isLoggedIn = false then
            m.top.result =  "loginfailed"
          else
            initQosRequest()
          end if
        else
          initQosRequest()
        end if
      end if
    end sub

    sub initQosRequest()
      m.top.qosSinceLoginCount = m.top.qosSinceLoginCount + 1
      result = trackNeuLionQOS(m.top.eventType, m.top.additionalInfoH)
      m.top.result = result
    end sub

    ]]>
  </script>

</component>
