<?xml version = "1.0" encoding = "utf-8" ?> 

<!--********** Copyright 2016 Roku Corp.  All Rights Reserved. **********-->

<component name = "neulionAuthTask" extends = "Task" >
  
  <interface>
    
  <!-- Neulion Auth Fields -->
    <field id = "id" type = "string" />
    <field id = "params" type = "assocarray"/>
    <field id = "response" type = "string" alwaysNotify="true"/>
    <field id = "isLoggedIn" type = "boolean" />
    <field id = "isUnlinked" type = "boolean" />
    <field id = "result" type = "assocarray"/>
    <field id = "responseAA" type="assocarray" alwaysNotify="true"/>
    <field id = "dataNode" type = "node"/>

  <!-- Free Sampling fields -->
    <field id="isSampling" type="boolean" alwaysNotify= "true"/>
  </interface> 

  <script type="text/brightscript" uri="pkg:/source/serviceUtils.brs" />
  <script type="text/brightscript" uri="pkg:/source/generalUtils.brs" />
  <script type="text/brightscript" uri="pkg:/source/nodeHelper.brs" />
  <script type="text/brightscript" uri="pkg:/source/registryHelper.brs" />
  <script type="text/brightscript" uri="pkg:/source/neulionAuthManager.brs" />
  <script type="text/brightscript" uri="pkg:/source/titan_data_source.brs" />
  <script type="text/brightscript" uri="pkg:/source/validations.brs" />


  <script type = "text/brightscript" >
  	<![CDATA[

	  sub init()
    end sub

    '*******************************************
    ' Neulion Authentication
    '*******************************************
    sub isLoggedIn()
      if m.global.prefixes.authType <> invalid and m.global.prefixes.authType = "titan" then
        m.top.isLoggedIn = TitanDataManager().isUserLoggedIn()
      else
        m.top.isLoggedIn = NeulionAuthManager_isUserLoggedIn()
      end if
    end sub

    sub rendezvousSignIn()
       m.top.response = NeulionAuthManager_rendezvousSignIn(m.top.id)
    end sub

    sub signIn()
      if m.global.prefixes.authType <> invalid and m.global.prefixes.authType = "titan" then
        m.top.result = TitanDataManager().signIn(m.top.params)
      else
        m.top.result = NeulionAuthManager_signIn(m.top.params)
      end if
    end sub

    sub resetPassword()
       m.top.isLoggedIn = NeulionAuthManager_resetPassword()
    end sub

    sub getPPV()
      m.top.response = NeulionAuthManager_getPPV()
    end sub

    sub getSubscriptions()
      m.top.response = NeulionAuthManager_getSubscriptions()
    end sub

    sub getSubscriptionType()
      m.top.responseAA = NeulionAuthManager_getSubscriptionType()
    end sub

    sub unlink()
      if m.global.prefixes.authType <> invalid and  m.global.prefixes.authType = "titan" then
        m.top.isUnlinked =TitanDataManager().unlinkDevice()
      else
        result = NeulionAuthManager_signOut()
        if result <> invalid and result.code = "logout" then
          m.top.isUnlinked = NeulionAuthManager_unlink()
        end if
      end if
    end sub

    sub getUserProfile()
      m.top.response = NeulionAuthManager_getUserProfile()
    end sub
    
    sub localeUpdate()
      m.top.response = NeuLionAuthManager_localeUpdate()
    end sub

    sub getBillingInformation()
      m.top.response = NeulionAuthManager_getBillingInformation()
    end sub

    sub setBookmark()
      m.top.response = NeulionAuthManager_setBookmark(m.top.params)
    end sub

    sub getBookmark()
      m.top.response = NeulionAuthManager_getBookmark(m.top.params)
    end sub

    sub getBookmarks()
      m.top.response = NeulionAuthManager_getBookmarks(m.top.params)
    end sub


    '*******************************************
    ' Registration
    '*******************************************
    sub checkUserName()
      m.top.response = NeulionAuthManager_checkUsername(m.top.params)
    end sub

    sub register()
      m.top.response = NeulionAuthManager_register(m.top.params)
    end sub

    sub getProducts()
      m.top.responseAA = NeulionAuthManager_getProducts()
    end sub

    '*******************************************
    ' In-App Purchase
    '*******************************************
    sub recordPurchase()
      m.top.response = NeulionAuthManager_StoreRokuPurchase(m.top.dataNode)
    end sub

    sub purchaseItem()
      m.top.response = NeulionAuthManager_PurchaseItem(m.top.dataNode)
    end sub

    '*******************************************
    ' Adobe Authentication
    '*******************************************
    sub isSamplingValid()
      'RegDelete("RegSampleTime", m.global.prefixes.appName + "FreeSampling")
      date = CreateObject("roDateTime")
      currentTime = date.asSeconds()
      usedSamplingTime = loadSamplingTime()
      if (currentTime - 86400) > usedSamplingTime.toInt() then
        saveSamplingTime(currentTime.toStr())
        m.top.isSampling = true
      else
        m.top.isSampling = false
      end if
    End sub


    ]]>
  </script>

</component>