<?xml version = "1.0" encoding = "utf-8" ?> 

<!--********** Copyright 2016 Roku Corp.  All Rights Reserved. **********-->

<component name="pcmTask" extends="Task" >
	<interface>
    <field id = "responseCode" type = "integer" alwaysNotify="true"/>
    <field id = "eventType" type = "string" value ="" />
    <field id = "token" type = "string" value ="" />
  </interface> 

  <script type="text/brightscript" uri="pkg:/source/serviceUtils.brs" />
  <script type="text/brightscript" uri="pkg:/source/generalUtils.brs" />
  <script type="text/brightscript" uri="pkg:/source/nodeHelper.brs" />

  <script type="text/brightscript" uri="pkg:/source/itemParser.brs" />
  <script type="text/brightscript" uri="pkg:/source/dateParser.brs" />
  <script type="text/brightscript" uri="pkg:/source/deeplink.brs" />

  <script type="text/brightscript" uri="pkg:/source/registryHelper.brs" />
  <script type="text/brightscript" uri="pkg:/source/neulionDataSource.brs" />
  <script type="text/brightscript" uri="pkg:/source/neulionAuthManager.brs" />
  <script type="text/brightscript" uri="pkg:/source/pcmTask.brs"/>
  <script type="text/brightscript" uri="pkg:/source/validations.brs" />
  
  <script type="text/brightscript" >
  	<![CDATA[

    sub init()
      m.top.functionName = "getcontent"
    end sub

    sub getcontent()
      if (m.global.prefixes.video.isPCMEnabled = invalid or m.global.prefixes.video.isPCMEnabled <> false) and (m.global.pcm <> invalid and m.global.pcm.count() <> 0) then
        if m.top.eventType = "hb" then
          res = PCM_Heartbeat()
          if res <> invalid 
            m.top.responseCode = res.responseCode
          end if

        else if m.top.eventType = "stop" then
          PCM_Stop()
        end if
      end if
    end sub

    ]]>
  </script>

</component>
