<?xml version = "1.0" encoding = "utf-8" ?>

<!--********** Copyright 2016 Roku Corp.  All Rights Reserved. **********-->
 
<component name = "homeMenuItem" extends = "BaseScene" >
 
  <interface> 
    <field id = "itemContent" type = "node" onChange = "showcontent" />
    <field id = "focusPercent" type = "float" onChange = "showfocus" />
    <field id = "listHasFocus" type = "boolean" onChange = "HandleHasFocus" alwaysnotify="true"/>  
  </interface>
 
  <script type = "text/brightscript" >

    <![CDATA[

    sub init()
      m.itemcursor = m.top.findNode("itemcursor")
      m.labelText = m.top.findNode("labelText")
      m.itemIcon = m.top.findNode("itemIcon")
      m.labelImage = m.top.findNode("labelImage")
      m.leftArrow = m.top.findNode("leftArrow")
      m.labelText.font.size = 32
    end sub

    sub showcontent()
      itemcontent = m.top.itemContent
      print itemcontent.subMenuItem
      if itemcontent.subMenuItem = "true"
        m.leftArrow.visible = true
      end if
      print itemcontent
      if itemcontent.id = "fightpass" then
        m.labelText.visible = false
        m.labelImage.visible = true
        m.labelImage.uri = m.global.prefixes.locCEDImages + itemcontent.image.replace(".png", "_mi.png")
      else
        if itemcontent.id = "search" or itemcontent.id = "settings"
          m.itemIcon.uri = "pkg:/images/" + itemcontent.image
          m.itemIcon.visible = true
        else
          m.itemIcon.visible = false
        end if
        m.labelImage.visible = false
        m.labelText.visible = true
        m.labelText.text = itemcontent.title
      end if
    end sub

    sub showfocus()
      if m.top.listHasFocus then
        m.itemcursor.opacity = m.top.focusPercent
      else
        m.itemcursor.opacity = 0
      end if
    end sub

    sub HandleHasFocus()
      if m.top.listHasFocus then
        if m.top.focusPercent = 1 then
          m.itemcursor.opacity = 1
        end if
      else
        m.itemcursor.opacity = 0
      end if
    end sub

    ]]>

  </script>

  <children>
    <Group id="itemcursor" translation="[0,0]" opacity="0.0" >
      <Rectangle width="460" height="80" color="#FF0000" translation="[ 0, 0 ]" />

      <Poster id="leftArrow" width="20" height="20" translation="[20, 28]" visible="false" uri="pkg:/images/leftArrowWhite.png"/>

    </Group>

    <Label
      id="labelText"
      vertAlign="center"
      color="#FFFFFF"
      height="50"
      width="280"
      translation="[60, 15]"
      font="dictionary:Regular"/>

    <Poster id="itemIcon" width="50" height="50" translation="[320,15]" visible="false"/>
    
    <Poster id="labelImage" width="363" height="80" translation="[30,0]" />

  </children>

</component>
