<?xml version = "1.0" encoding = "utf-8" ?>

<!--********** Copyright 2016 Roku Corp.  All Rights Reserved. **********-->
 
<component name = "MarkupListItem" extends = "BaseScene" >
 
  <interface> 
    <field id="itemContent" type="node" onChange="showcontent"/>
    <field id="focusPercent" type="float" onChange="showfocus" alwaysnotify="true"/> 
    <field id="listHasFocus" type="boolean" onChange="HandleHasFocus" alwaysnotify="true"/>  

    <field id="itemRectColor" type="color" alwaysnotify="true" alias="itemRectangle.color" onChange=""/>
    <field id="titleLabelColor" type="string" alwaysNotify="true" alias="titleLabel.color" onChange=""/> 
    <field id="itemLabelColor" type="string" alwaysNotify="true" alias="itemLabel.color" onChange=""/> 

    <field id="subscription" type="string" alwaysnotify="true" onChange="updateSubscription"/>

    <field id="cursorColor" type="string" alwaysNotify="true" onChange="onCursorColorChanged"/> 
  </interface>
  <script type = "text/brightscript" >

    <![CDATA[

    sub init()
      m.titleLabel    = m.top.findNode("titleLabel")
      m.itemLabel     = m.top.findNode("itemLabel")

      m.itemRectangle = m.top.findNode("itemRectangle")
      m.itemcursor    = m.top.findNode("itemcursor")

      m.rectTop           = m.top.findNode("rectTop")
      m.rectLeft          = m.top.findNode("rectLeft")
      m.rectRight         = m.top.findNode("rectRight")
      m.rectBottom        = m.top.findNode("rectBottom")

      m.top.cursorColor     = "#9f26b5"  
      m.top.titleLabelColor = "#ffffff"
      m.top.itemRectColor   = "#1d242b"

      m.titleLabel.font.size = 38
      m.itemLabel.font.size  = 34

      print "m.top.subscription: "; m.top.subscription
    end sub

    sub showcontent()
      itemcontent       = m.top.itemContent
      m.titleLabel.text = itemcontent.title
      m.itemLabel.text  = itemcontent.description
    end sub

    sub updateSubscription()
      if m.titleLabel.text = "My Subscription"
        m.itemLabel.text  = m.top.subscription
      end if
    end sub

    sub showfocus()
      if m.top.listHasFocus then
        m.itemcursor.opacity = m.top.focusPercent
      else
        m.itemcursor.opacity = 0
      end if
    end sub

    sub HandleHasFocus()
      if m.top.listHasFocus then
        if m.top.focusPercent = 1 then
          m.itemcursor.opacity = 1
        end if
      else
        m.itemcursor.opacity = 0
      end if
    end sub

    sub onCursorColorChanged()
      m.rectTop.color    = m.top.cursorColor
      m.rectLeft.color   = m.top.cursorColor
      m.rectRight.color  = m.top.cursorColor
      m.rectBottom.color = m.top.cursorColor
    end sub

    ]]>

  </script>

  <children>

    <Rectangle id="itemRectangle" translation="[0, 0]" width="1070" height="130" color="#F0F0F0"/>

    <Label
      id="titleLabel"
      horizAlign="left"
      vertAlign="center"
      color="#000000"
      height="80"
      width="590"
      translation="[20, 25]"
      font="dictionary:HeavyItalic"/>
    <Label
      id="itemLabel"
      horizAlign="right"
      vertAlign="center"
      color="#ababab"
      height="80"
      width="440"
      translation="[595, 25]"
      font="dictionary:Regular"/>


    <Group id="itemcursor" opacity="0.0" >
      <Rectangle id="rectTop" width="1070" height="4" color="#FF0000" translation="[ 0, 0 ]" />
      <Rectangle id="rectLeft" width="3" height="133" color="#FF0000" translation="[ 0, 0 ]" />
      <Rectangle id="rectRight" width="3" height="133" color="#FF0000" translation="[ 1067, 0 ]" />
      <Rectangle id="rectBottom" width="1070" height="4" color="#FF0000" translation="[ 0, 129 ]" />
    </Group>

  </children>

</component>
