<?xml version = "1.0" encoding = "utf-8" ?>

<!--********** Copyright 2016 Roku Corp.  All Rights Reserved. **********-->
 
<component name = "packageListItem" extends = "BaseScene" >
 
  <interface > 
    <field id = "itemContent" type = "node" onChange = "showcontent"/>
    <field id = "focusPercent" type = "float" onChange = "showfocus"/> 
    <field id = "rowFocusPercent" type = "float" onChange = "showrowfocus"/>  

    <!--****************************** ItemPoster  ******************************-->
    
    <field id="itemPosterTranslation" type="vector2d" alias="itemPoster.translation" value="[30,30]"/>
    <field id="itemPosterHeight" type="float" alias="itemPoster.height" value="400"/>
    <field id="itemPosterWidth" type="float" alias="itemPoster.width" value="480"/>
    <field id="itemPosterColor" type="color" alias="itemPoster.color" value="#ffffff"/>
    <field id="itemPosterScaleRotateCenter" type="vector2d" alias="itemPoster.scaleRotateCenter" value="[200.0, 240.0]"/>

    <!--****************************** TitleLabel  ******************************-->

    <field id="titleTranslation" type="vector2d" alias="title.translation" value="[40,100]"/>
    <field id="titleColor" type="color" alias="title.color" value="#9f26b5"/>
    <field id="titleHeight" type="float" alias="title.height" value="100"/>
    <field id="titleWidth" type="float" alias="title.width" value="480"/>
    <field id="titleOpacity" type="float" alias="title.opacity" value="0.75"/>
    <field id="titleHorizAlign" type="string" alias="title.horizAlign" value="center"/>
    <field id="titleVertAlign" type="string" alias="title.vertAlign" value="center"/>

    <!--****************************** DescriptionLabel  ******************************-->

    <field id="descriptionTranslation" type="vector2d" alias="description.translation" value="[40,200]"/>
    <field id="descriptionColor" type="color" alias="description.color" value="#000000"/>
    <field id="descriptionHeight" type="float" alias="description.height" value="100"/>
    <field id="descriptionWidth" type="float" alias="description.width" value="480"/>
    <field id="descriptionWrap" type="boolean" alias="description.wrap" value="true"/>
    <field id="descriptionHorizAlign" type="string" alias="description.horizAlign" value="center"/>
    <field id="descriptionVertAlign" type="string" alias="description.vertAlign" value="center"/>

    <!--****************************** PriceLabel  ******************************-->

    <field id="priceTranslation" type="vector2d" alias="price.translation" value="[40,330]"/>
    <field id="priceColor" type="color" alias="price.color" value="#ffffff"/>
    <field id="priceHeight" type="float" alias="price.height" value="70"/>
    <field id="priceWidth" type="float" alias="price.width" value="480"/>
    <field id="priceOpacity" type="float" alias="price.opacity" value="1.0"/>
    <field id="priceHorizAlign" type="string" alias="price.horizAlign" value="center"/>
    <field id="priceVertAlign" type="string" alias="price.vertAlign" value="center"/>

    <!--****************************** PriceRect  ******************************-->

    <field id="priceRectHeight" type="float" alias="priceRect.height" value="100"/>
    <field id="priceRectWidth" type="float" alias="priceRect.width" value="480"/>
    <field id="priceRectTranslation" type="vector2d" alias="priceRect.translation" value="[30, 315]"/>
    <field id="priceRectColor" type="color" alias="priceRect.color" value="#9f26b5"/>
    <field id="priceRectScaleRotateCenter" type="vector2d" alias="priceRect.scaleRotateCenter" value="[200.0, 200.0]"/>


  </interface>
 
  <script type = "text/brightscript" >

    <![CDATA[
      sub init()
        m.itemposter    = m.top.findNode("itemPoster") 
        m.title    = m.top.findNode("title")
        m.description     = m.top.findNode("description")
        m.price =  m.top.findNode("price")
        m.priceRect = m.top.findNode("priceRect")
      end sub

      sub showcontent()
        itemcontent             = m.top.itemContent
        m.description.font.size = 28
        m.price.font.size       = 44
        m.title.font.size       = 54

        m.title.text = itemcontent.title
        m.description.text = itemcontent.purchaseText
        m.price.text = itemcontent.price
      end sub

      sub showfocus()
        scale = 1 + (m.top.focusPercent * 0.10)
        m.itemposter.scale = [scale, scale]
        m.priceRect.scale = [scale, 1]
      end sub

      sub showrowfocus()
          m.title.opacity = m.top.rowFocusPercent
          m.description.opacity = m.top.rowFocusPercent
      end sub
      
    ]]>

  </script>

  <children >
    <!-- 540 480 -->
    <Rectangle id="itemPoster"/>

    <Label id="title" font="dictionary:HeavyItalic"/>

    <Label id="description" font="dictionary:SemiBold"/>

    <Rectangle id="priceRect"/>
    <Label id="price" font="dictionary:BoldItalic"/>


  </children>

</component>
