<?xml version="1.0" encoding="utf-8" ?> 
<!--********** Copyright 2016 Roku Corp.  All Rights Reserved. **********--> 

<!-- main node which handles welcome screen -->

<component name="VideoScene" extends="Video">
  <interface>
    <field id="position" type="string" onChange="onPositionChanged" alwaysNotify="true"/>
    <field id="timedMetaData" type="string" onChange="onPositionChanged" alwaysNotify="true"/>
    
    <field id="playerControl" type="string" alwaysNotify="true" onChange="controlChanged"/>
    <field id="videoSeek" type="Integer" alwaysNotify="true"/>
    <field id="barColor" type="color" onChange="onBarColorChanged"/>
    <field id="upNextTabCurColor" type="color" value="#00C871" onChange="onUpNextTabColorChanged" alwaysNotify="true"/>
    
    <field id="navBackToScene" type="boolean" alwaysNotify="true" />
    <field id="publishPointError" type="boolean"  alwaysNotify="true" />
    <field id="playBackError" type="boolean" alwaysNotify="true" />
    <field id="concurrencyError" type="boolean" alwaysNotify="true" />

    <field id="streamStarted" type="bool"/>
    <field id="refreshHome" type="boolean" alwaysNotify="true" />
    <field id="resumeCancel" type="boolean" alwaysNotify="true" />

    <field id="playNextList" type="array" />
    <field id="playNextIdx" type="integer" value="0"  />
    <field id="playReverse" type="boolean" value="false" />
    <field id="isStartFrmBegSupported" type="boolean" value="false" />
    
  </interface>
  <script type="text/brightscript" uri="pkg:/source/adobe_analytics.brs" />
  <script type="text/brightscript" uri="pkg:/source/adbmobile.brs" />
  <script type="text/brightscript" uri="pkg:/components/CED-Roku-Components/showDialogBox.brs"/>
  <script type="text/brightscript" uri="pkg:/components/CED-Roku-Components/videoScene/videoScene.brs" />
  <script type="text/brightscript" uri="pkg:/source/nodeHelper.brs" />


  <children>

     <Group id="upNextGr" translation="[0, 800]" visible="false" opacity="0.95">
      <Rectangle id="upNextRect" color="#000000" width="1920" height="280" translation="[0, 0]" >
        <Poster id="upNextEpisodeIcon" width="360" height="210" translation="[40,20]" />

        <Label id="upNextLabel" text="" horizAlign="left" vertAlign="bottom" 
          color="#7c7c7c" width="600" height="30" translation="[420,40]" font="dictionary:Heavy"/>
        
        <Label id="episodeTitleLabel" text="" horizAlign="left" vertAlign="center" 
          color="#FFFFFF" width="1000" height="90" translation="[420,80]" wrap="true" lineSpacing="0"/>

        <Label id="playInLabel" text="" horizAlign="left" vertAlign="top" 
          color="#7c7c7c" width="600" height="30" translation="[420,170]" font="dictionary:Heavy"/>

        <Rectangle id="playTabCur" height="4" width="120" translation="[1430,60]"/>
        <Label id="playTab" text="" horizAlign="center" vertAlign="top" 
          color="#FFFFFF" width="120" height="90" translation="[1430,65]" font="dictionary:Heavy"/>

        <Rectangle id="cancelTabCur" height="4" width="170" translation="[1600,60]"/>
        <Label id="cancelTab" text="" horizAlign="center" vertAlign="top" 
          color="#7c7c7c" width="170" height="90" translation="[1600, 65]" font="dictionary:Heavy"/>
      </Rectangle>
    </Group>

    <Timer
      id="qosTimer"
      repeat="true"
      duration="30"/>

    <Group id="appMessage">
     <Label
        id="userIdWaterMark"
        text=""
        color="#ffffff"
        height="75"
        width="1100"
        wrap="true"
        vertAlign="center"
        horizAlign="center"
        font="font:SmallestBoldSystemFont"
        opacity=".5"/>
    </Group>

    <Timer
      id="appMessagePollTimer"
      repeat="true"/>

    <Timer
      id="appMessageDisplayTimer"
      repeat="true"/>

    <Timer
      id="upNextTimer"
      repeat="true"
      duration="1"/>
    
    <Timer
      id="pcmTimer"
      repeat="true"
      duration="30"/>

    <Label id="forRAF" text=""/>
  </children>
</component>